suite,partition,method,metric,client_count,policy_profile,attack_type,n,mean,ci95_low,ci95_high
mlp,iid,B0,accuracy,,,,5,0.5513811420982736,0.4686852589641434,0.6379814077025233
mlp,iid,B0,macro_f1,,,,5,0.47167752177224626,0.4107410440634852,0.5374058452372621
mlp,iid,B0,demographic_parity_gap,,,,5,0.0959766257909804,0.05445116566645354,0.1422334427654572
mlp,iid,B0,equal_opportunity_gap,,,,5,0.08308703448031614,0.039908925308356664,0.12626514365227562
mlp,iid,B0,equalized_odds_gap,,,,5,0.09815894729548438,0.049013557781515345,0.15302292508497153
mlp,iid,B0,subgroup_accuracy_gap,,,,5,0.08333669694208742,0.04241866423938542,0.1245730344838667
mlp,iid,B0,runtime_ms,,,,5,111.81859179632738,109.12547539919615,114.51170819345862
mlp,iid,B3,accuracy,,,,5,0.47021248339973437,0.35349269588313414,0.600597609561753
mlp,iid,B3,macro_f1,,,,5,0.4236246520799455,0.3398332268518038,0.5151258974244362
mlp,iid,B3,demographic_parity_gap,,,,5,0.09019014623042493,0.05824792003708716,0.12067930146568621
mlp,iid,B3,equal_opportunity_gap,,,,5,0.08240465975228638,0.029892651362264606,0.13491666814230813
mlp,iid,B3,equalized_odds_gap,,,,5,0.09577692722407072,0.05415631049627674,0.13739754395186468
mlp,iid,B3,subgroup_accuracy_gap,,,,5,0.0530948286325756,0.01366673987639184,0.10642128189660435
mlp,iid,B3,runtime_ms,,,,5,111.84090038295835,110.19146699691191,113.54195057647303
mlp,iid,B5,accuracy,,,,5,0.5518193891102257,0.4683665338645418,0.6425498007968129
mlp,iid,B5,macro_f1,,,,5,0.471548345958008,0.4109819081949918,0.5355633301127698
mlp,iid,B5,demographic_parity_gap,,,,5,0.09488404837249843,0.053324712117582884,0.14113481947671286
mlp,iid,B5,equal_opportunity_gap,,,,5,0.08157799584268936,0.03776812168730372,0.12538786999807502
mlp,iid,B5,equalized_odds_gap,,,,5,0.09597060465426444,0.046532314778793576,0.15278830594407442
mlp,iid,B5,subgroup_accuracy_gap,,,,5,0.08341128139732856,0.04248423404931828,0.12520387109811432
mlp,iid,B5,runtime_ms,,,,5,155.00669181346893,151.533116819337,157.75126680964604
mlp,joint_dirichlet_0.3,B0,accuracy,,,,5,0.5513545816733068,0.4683930942895086,0.6406772908366534
mlp,joint_dirichlet_0.3,B0,macro_f1,,,,5,0.4714403389323648,0.41053816780260155,0.5373823171217716
mlp,joint_dirichlet_0.3,B0,demographic_parity_gap,,,,5,0.09583736617017846,0.05409806196960848,0.14198751184776942
mlp,joint_dirichlet_0.3,B0,equal_opportunity_gap,,,,5,0.08278703179560058,0.04005435692208208,0.1255197066691191
mlp,joint_dirichlet_0.3,B0,equalized_odds_gap,,,,5,0.09854627138151603,0.049321017345895876,0.15466956249449654
mlp,joint_dirichlet_0.3,B0,subgroup_accuracy_gap,,,,5,0.08367821038067899,0.042602495604457724,0.12482798004686291
mlp,joint_dirichlet_0.3,B0,runtime_ms,,,,5,112.9834744031541,110.0124410004355,115.56214099982753
mlp,joint_dirichlet_0.3,B3,accuracy,,,,5,0.48381142098273566,0.33136786188579015,0.6362549800796813
mlp,joint_dirichlet_0.3,B3,macro_f1,,,,5,0.40793144421840805,0.3114751021851938,0.5043877862516223
mlp,joint_dirichlet_0.3,B3,demographic_parity_gap,,,,5,0.06790235642707994,0.04301551640307379,0.09278919645108608
mlp,joint_dirichlet_0.3,B3,equal_opportunity_gap,,,,5,0.052642359899260284,0.019933613267293083,0.08810014103324985
mlp,joint_dirichlet_0.3,B3,equalized_odds_gap,,,,5,0.0693497973785688,0.045002839758305976,0.09189794293943834
mlp,joint_dirichlet_0.3,B3,subgroup_accuracy_gap,,,,5,0.08780569832700097,0.036465223177363185,0.1385176155978317
mlp,joint_dirichlet_0.3,B3,runtime_ms,,,,5,111.00949180545285,108.4039920126088,113.61499159829691
mlp,joint_dirichlet_0.3,B5,accuracy,,,,5,0.4806241699867198,0.3627091633466136,0.6200531208499336
mlp,joint_dirichlet_0.3,B5,macro_f1,,,,5,0.4134495928070473,0.35382734436660035,0.47033002342921276
mlp,joint_dirichlet_0.3,B5,demographic_parity_gap,,,,5,0.0651640706567658,0.00467334538080964,0.14151378361132266
mlp,joint_dirichlet_0.3,B5,equal_opportunity_gap,,,,5,0.11597594266361481,0.056157966379363954,0.17579391894786567
mlp,joint_dirichlet_0.3,B5,equalized_odds_gap,,,,5,0.1205722703322665,0.056157966379363954,0.18498657428516901
mlp,joint_dirichlet_0.3,B5,subgroup_accuracy_gap,,,,5,0.07813797065089043,0.030495794860532822,0.13652369400426384
mlp,joint_dirichlet_0.3,B5,runtime_ms,,,,5,151.5459166141227,147.05416683573276,155.8328497922048
scaling,,B0,accuracy,3.0,,,5,0.7706241699867198,0.7701859229747676,0.771062416998672
scaling,,B0,macro_f1,3.0,,,5,0.5058260518990048,0.5035790774370545,0.5080730263609547
scaling,,B0,demographic_parity_gap,3.0,,,5,0.02332542482418678,0.0224461899994766,0.02420465964889696
scaling,,B0,equal_opportunity_gap,3.0,,,5,0.02911808235907668,0.027754475335175298,0.03071348886785542
scaling,,B0,equalized_odds_gap,3.0,,,5,0.02911808235907668,0.027754475335175298,0.03071348886785542
scaling,,B0,subgroup_accuracy_gap,3.0,,,5,0.1805076047680212,0.17993729505798645,0.18103720615320348
scaling,,B0,runtime_ms,3.0,,,5,38.515708001796156,35.78713280148804,41.118333011399955
scaling,,B5,accuracy,3.0,,,5,0.7883798140770253,0.7657503320053122,0.8106241699867198
scaling,,B5,macro_f1,3.0,,,5,0.6181883322364611,0.4922001378276689,0.7441765266452531
scaling,,B5,demographic_parity_gap,3.0,,,5,0.12444324686020443,0.030372534530113397,0.21851395919029545
scaling,,B5,equal_opportunity_gap,3.0,,,5,0.1165052314824599,0.02880048621912642,0.2051054150713077
scaling,,B5,equalized_odds_gap,3.0,,,5,0.1165052314824599,0.0279050478936121,0.2051054150713077
scaling,,B5,subgroup_accuracy_gap,3.0,,,5,0.14527345637688965,0.11168924884795976,0.1788597380364934
scaling,,B5,runtime_ms,3.0,,,5,51.33207499748096,47.946625004988164,54.496333200950176
scaling,,B6,accuracy,3.0,,,5,0.776148738379814,0.7627755644090305,0.7882735723771581
scaling,,B6,macro_f1,3.0,,,5,0.5385676756216312,0.472590709380926,0.6029890554874842
scaling,,B6,demographic_parity_gap,3.0,,,5,0.04011455379581856,0.01300250855473586,0.06722659903690127
scaling,,B6,equal_opportunity_gap,3.0,,,5,0.0479908331243634,0.01459102927996494,0.0825078213761623
scaling,,B6,equalized_odds_gap,3.0,,,5,0.0479908331243634,0.01459102927996494,0.0825078213761623
scaling,,B6,subgroup_accuracy_gap,3.0,,,5,0.1703747422556644,0.15110919754391633,0.18689995113757332
scaling,,B6,runtime_ms,3.0,,,5,38.81623318884522,35.67897479515523,41.95349158253521
scaling,,B0,accuracy,5.0,,,5,0.7707436918990703,0.7700796812749003,0.7714077025232404
scaling,,B0,macro_f1,5.0,,,5,0.5063454257773574,0.5032220809543998,0.5094687706003153
scaling,,B0,demographic_parity_gap,5.0,,,5,0.023581658193655604,0.02238834702837952,0.02475826307884313
scaling,,B0,equal_opportunity_gap,5.0,,,5,0.029818050542341063,0.02752267585029794,0.03215432430564396
scaling,,B0,equalized_odds_gap,5.0,,,5,0.029818050542341063,0.02752267585029794,0.03211342523438418
scaling,,B0,subgroup_accuracy_gap,5.0,,,5,0.18033021243531203,0.17952595522794362,0.1811344696426804
scaling,,B0,runtime_ms,5.0,,,5,45.5807916005142,41.96393339661881,49.23011660575867
scaling,,B5,accuracy,5.0,,,5,0.7820185922974767,0.7657503320053122,0.7995252324037184
scaling,,B5,macro_f1,5.0,,,5,0.5604155138571525,0.483672314583543,0.6444845708219112
scaling,,B5,demographic_parity_gap,5.0,,,5,0.056913632175712305,0.01668099334651372,0.10461427678704158
scaling,,B5,equal_opportunity_gap,5.0,,,5,0.07353093220750448,0.0181412514544589,0.14315223308357855
scaling,,B5,equalized_odds_gap,5.0,,,5,0.07353093220750448,0.0181412514544589,0.1416747255735152
scaling,,B5,subgroup_accuracy_gap,5.0,,,5,0.16528792273626539,0.14530658630165866,0.18504729509389262
scaling,,B5,runtime_ms,5.0,,,5,58.224725001491606,54.86862292164005,61.372925410978496
scaling,,B6,accuracy,5.0,,,5,0.7765338645418327,0.7650863213811421,0.7879814077025232
scaling,,B6,macro_f1,5.0,,,5,0.5388064696895636,0.47999708630706533,0.6021922981558079
scaling,,B6,demographic_parity_gap,5.0,,,5,0.04487782096565384,0.014762767492900161,0.08946954428962037
scaling,,B6,equal_opportunity_gap,5.0,,,5,0.05908853335130756,0.008689224751249641,0.13770408836484252
scaling,,B6,equalized_odds_gap,5.0,,,5,0.0602030312636197,0.010918220575873919,0.13879579653511748
scaling,,B6,subgroup_accuracy_gap,5.0,,,5,0.17258239960510474,0.15799602148037115,0.1852225049757572
scaling,,B6,runtime_ms,5.0,,,5,43.28470821492374,40.191449818667024,46.377966611180454
scaling,,B0,accuracy,10.0,,,5,0.7713147410358565,0.7704382470119521,0.7724435590969456
scaling,,B0,macro_f1,10.0,,,5,0.5091316867366303,0.5051000671605718,0.5144272858567878
scaling,,B0,demographic_parity_gap,10.0,,,5,0.02425348797468576,0.02319131642927528,0.025515730887041222
scaling,,B0,equal_opportunity_gap,10.0,,,5,0.028563660032753478,0.025268542959162022,0.03119982223755614
scaling,,B0,equalized_odds_gap,10.0,,,5,0.028563660032753478,0.025268542959162022,0.03119982223755614
scaling,,B0,subgroup_accuracy_gap,10.0,,,5,0.18008685713056932,0.1794505844485011,0.1807231298126376
scaling,,B0,runtime_ms,10.0,,,5,54.65780841186643,52.75013342034072,56.565483403392136
scaling,,B5,accuracy,10.0,,,5,0.7557901726427623,0.7543293492695884,0.7585126162018592
scaling,,B5,macro_f1,10.0,,,5,0.4369312523578972,0.43003458444172143,0.44944579704011306
scaling,,B5,demographic_parity_gap,10.0,,,5,0.002054123537268968,1.971025918990835e-05,0.005511932058539941
scaling,,B5,equal_opportunity_gap,10.0,,,5,0.00294541858999876,6.363347120584e-05,0.00724541898985
scaling,,B5,equalized_odds_gap,10.0,,,5,0.00294541858999876,6.363347120584e-05,0.00724541898985
scaling,,B5,subgroup_accuracy_gap,10.0,,,5,0.19491122269381383,0.1923206655768988,0.1963543281961957
scaling,,B5,runtime_ms,10.0,,,5,79.30303321918473,75.70594160351902,83.95949142286554
scaling,,B6,accuracy,10.0,,,5,0.792788844621514,0.7748472775564409,0.8103054448871182
scaling,,B6,macro_f1,10.0,,,5,0.6160198649204706,0.5253184130155933,0.6918494068837683
scaling,,B6,demographic_parity_gap,10.0,,,5,0.096907673763958,0.04137068263632276,0.16414780078660898
scaling,,B6,equal_opportunity_gap,10.0,,,5,0.11791213668515307,0.0524948719076503,0.18968909280033538
scaling,,B6,equalized_odds_gap,10.0,,,5,0.11791213668515307,0.05215808290744408,0.18968909280033538
scaling,,B6,subgroup_accuracy_gap,10.0,,,5,0.15353220341621351,0.1336097129172465,0.17460354165635705
scaling,,B6,runtime_ms,10.0,,,5,56.76957459654659,52.764741401188076,61.76269939169288
scaling,,B0,accuracy,20.0,,,5,0.770066401062417,0.7653120849933599,0.7733622177954848
scaling,,B0,macro_f1,20.0,,,5,0.5031923217814016,0.48102165963471577,0.5192552670770864
scaling,,B0,demographic_parity_gap,20.0,,,5,0.02213508243395658,0.01452277412530402,0.026798578702958605
scaling,,B0,equal_opportunity_gap,20.0,,,5,0.024754676974451197,0.01500938793625912,0.0322679963053744
scaling,,B0,equalized_odds_gap,20.0,,,5,0.024754676974451197,0.01500938793625912,0.0322679963053744
scaling,,B0,subgroup_accuracy_gap,20.0,,,5,0.18145627282208202,0.17873328827882876,0.18603538366633318
scaling,,B0,runtime_ms,20.0,,,5,77.53382481168956,71.25279981410131,83.8148498092778
scaling,,B5,accuracy,20.0,,,5,0.7579946879150066,0.7543293492695884,0.7629747675962815
scaling,,B5,macro_f1,20.0,,,5,0.44741811627077255,0.4301403681103083,0.47086499019153916
scaling,,B5,demographic_parity_gap,20.0,,,5,0.0025840097643813403,2.228587213512e-05,0.00649068102516054
scaling,,B5,equal_opportunity_gap,20.0,,,5,0.00643554883297696,0.00023179948487732,0.01345727960627216
scaling,,B5,equalized_odds_gap,20.0,,,5,0.00643554883297696,0.00023179948487732,0.01345727960627216
scaling,,B5,subgroup_accuracy_gap,20.0,,,5,0.19387480727785572,0.19047108662843457,0.1963543281961957
scaling,,B5,runtime_ms,20.0,,,5,118.37695820722729,110.65981680294499,126.23824961483479
scaling,,B6,accuracy,20.0,,,5,0.7746613545816733,0.7663479415670651,0.7840239043824702
scaling,,B6,macro_f1,20.0,,,5,0.5270688928067526,0.4860140033239729,0.5735636889629545
scaling,,B6,demographic_parity_gap,20.0,,,5,0.03081113493642234,0.01650746443322238,0.0481357813798869
scaling,,B6,equal_opportunity_gap,20.0,,,5,0.03207766710783584,0.01917732317863464,0.04825987589759464
scaling,,B6,equalized_odds_gap,20.0,,,5,0.03207766710783584,0.019245526378472884,0.04939613892203526
scaling,,B6,subgroup_accuracy_gap,20.0,,,5,0.17530112756683947,0.16359888631619568,0.18460039816488774
scaling,,B6,runtime_ms,20.0,,,5,88.98807460209355,70.01128301490098,120.42225798359141
scaling,,B0,accuracy,50.0,,,5,0.7721646746347941,0.7714475431606905,0.7731474103585657
scaling,,B0,macro_f1,50.0,,,5,0.5130369857431327,0.5096599401861763,0.517356846693448
scaling,,B0,demographic_parity_gap,50.0,,,5,0.02529723706737898,0.02470424832310842,0.026098417179530882
scaling,,B0,equal_opportunity_gap,50.0,,,5,0.02919553925939546,0.025414088816103197,0.03266796180392318
scaling,,B0,equalized_odds_gap,50.0,,,5,0.02919553925939546,0.025414088816103197,0.03266796180392318
scaling,,B0,subgroup_accuracy_gap,50.0,,,5,0.17918791204666928,0.17892316551416343,0.17952466742147105
scaling,,B0,runtime_ms,50.0,,,5,130.6465002009645,124.28011659067124,136.7654666188173
scaling,,B5,accuracy,50.0,,,5,0.7541965471447544,0.7540637450199204,0.7543160690571049
scaling,,B5,macro_f1,50.0,,,5,0.4299384474705724,0.4298952884540993,0.4299772899318698
scaling,,B5,demographic_parity_gap,50.0,,,5,0.00012470058750252002,0.0,0.00029010949985748004
scaling,,B5,equal_opportunity_gap,50.0,,,5,0.0,0.0,0.0
scaling,,B5,equalized_odds_gap,50.0,,,5,0.00011534796592684001,0.0,0.000276609614131
scaling,,B5,subgroup_accuracy_gap,50.0,,,5,0.19624933786788307,0.19608392895552812,0.1963740384553856
scaling,,B5,runtime_ms,50.0,,,5,220.09674997534603,207.87730818847194,235.73785836342722
scaling,,B6,accuracy,50.0,,,5,0.7749003984063745,0.7668260292164675,0.7890172642762284
scaling,,B6,macro_f1,50.0,,,5,0.526519332902497,0.4887433839888001,0.5914364767530003
scaling,,B6,demographic_parity_gap,50.0,,,5,0.03616084349799446,0.01866192855518482,0.0677719790602667
scaling,,B6,equal_opportunity_gap,50.0,,,5,0.0499357096303032,0.028263200375174678,0.08858544621400832
scaling,,B6,equalized_odds_gap,50.0,,,5,0.0499357096303032,0.028263200375174678,0.08858544621400832
scaling,,B6,subgroup_accuracy_gap,50.0,,,5,0.17367755263653195,0.1565923364963692,0.18324464686230266
scaling,,B6,runtime_ms,50.0,,,5,132.07980840234086,123.04309159517288,141.11652520950884
heterogeneity,iid,B0,accuracy,,,,10,0.7744023904382471,0.7742695883134132,0.7745285524568393
heterogeneity,iid,B0,macro_f1,,,,10,0.5232109916885747,0.5226801022147078,0.5237486876124997
heterogeneity,iid,B0,demographic_parity_gap,,,,10,0.027768190662596635,0.027570444167461274,0.027966581060968325
heterogeneity,iid,B0,equal_opportunity_gap,,,,10,0.02610737377124277,0.02525060677427992,0.02678460755456109
heterogeneity,iid,B0,equalized_odds_gap,,,,10,0.02610737377124277,0.02523015723865003,0.026773240354588057
heterogeneity,iid,B0,subgroup_accuracy_gap,,,,10,0.1778605466465669,0.17765294502183657,0.1780694360777699
heterogeneity,iid,B0,runtime_ms,,,,10,84.6041084965691,82.63981106414576,86.460871402669
heterogeneity,iid,B3,accuracy,,,,10,0.7744023904382471,0.7742762284196547,0.7745285524568393
heterogeneity,iid,B3,macro_f1,,,,10,0.5232109916885747,0.5226992582801111,0.5237522893977216
heterogeneity,iid,B3,demographic_parity_gap,,,,10,0.027768190662596635,0.027573019780406483,0.02797387667519897
heterogeneity,iid,B3,equal_opportunity_gap,,,,10,0.02610737377124277,0.02521879003867699,0.02678460755456109
heterogeneity,iid,B3,equalized_odds_gap,,,,10,0.02610737377124277,0.025252891638596113,0.026793689890217944
heterogeneity,iid,B3,subgroup_accuracy_gap,,,,10,0.1778605466465669,0.17765294502183657,0.17806879217453359
heterogeneity,iid,B3,runtime_ms,,,,10,83.14037089585327,81.77357177861268,84.46116046790848
heterogeneity,joint_dirichlet_0.3,B0,accuracy,,,,10,0.7735524568393094,0.773074369189907,0.7743227091633467
heterogeneity,joint_dirichlet_0.3,B0,macro_f1,,,,10,0.5196214762875733,0.5175108491203146,0.5231038100890801
heterogeneity,joint_dirichlet_0.3,B0,demographic_parity_gap,,,,10,0.02717242972433053,0.026448945263430702,0.028411153118163564
heterogeneity,joint_dirichlet_0.3,B0,equal_opportunity_gap,,,,10,0.027970794864310422,0.026475408290972845,0.029550434381267247
heterogeneity,joint_dirichlet_0.3,B0,equalized_odds_gap,,,,10,0.027970794864310422,0.02647312342665666,0.02956163164445677
heterogeneity,joint_dirichlet_0.3,B0,subgroup_accuracy_gap,,,,10,0.1783667709341918,0.17766167673084746,0.17885566399452163
heterogeneity,joint_dirichlet_0.3,B0,runtime_ms,,,,10,83.32286688964814,81.8884278301266,84.66416373921675
heterogeneity,joint_dirichlet_0.3,B3,accuracy,,,,10,0.7643691899070386,0.761042496679947,0.7679948539176628
heterogeneity,joint_dirichlet_0.3,B3,macro_f1,,,,10,0.4758016534484198,0.46007807410271007,0.4923883380398197
heterogeneity,joint_dirichlet_0.3,B3,demographic_parity_gap,,,,10,0.013229427276555433,0.008164355037332165,0.01900828831844583
heterogeneity,joint_dirichlet_0.3,B3,equal_opportunity_gap,,,,10,0.01596366151791528,0.009638642996233923,0.023105004938162928
heterogeneity,joint_dirichlet_0.3,B3,equalized_odds_gap,,,,10,0.01596366151791528,0.009720553953929092,0.023354512121490742
heterogeneity,joint_dirichlet_0.3,B3,subgroup_accuracy_gap,,,,10,0.18673999835232982,0.18313307016613561,0.18999997703211188
heterogeneity,joint_dirichlet_0.3,B3,runtime_ms,,,,10,83.76446669572033,81.69569506469998,85.8434326366114
heterogeneity,joint_dirichlet_1.0,B0,accuracy,,,,10,0.7738114209827358,0.773585657370518,0.7740373505976097
heterogeneity,joint_dirichlet_1.0,B0,macro_f1,,,,10,0.5208375738935953,0.519958653590986,0.5217350018294553
heterogeneity,joint_dirichlet_1.0,B0,demographic_parity_gap,,,,10,0.027178618015557987,0.026915105129439464,0.02742499625543183
heterogeneity,joint_dirichlet_1.0,B0,equal_opportunity_gap,,,,10,0.026032315978455962,0.024800602747206562,0.02721873034659674
heterogeneity,joint_dirichlet_1.0,B0,equalized_odds_gap,,,,10,0.026032315978455962,0.024791407596374083,0.02721176293847255
heterogeneity,joint_dirichlet_1.0,B0,subgroup_accuracy_gap,,,,10,0.1783751416762638,0.1781675400515335,0.17859923404400252
heterogeneity,joint_dirichlet_1.0,B0,runtime_ms,,,,10,83.8416330923792,81.91615231524338,85.93783688906115
heterogeneity,joint_dirichlet_1.0,B3,accuracy,,,,10,0.7649269588313412,0.7625564409030544,0.7675896414342629
heterogeneity,joint_dirichlet_1.0,B3,macro_f1,,,,10,0.478102591854426,0.4667708208776538,0.4908048070723531
heterogeneity,joint_dirichlet_1.0,B3,demographic_parity_gap,,,,10,0.01339780496395633,0.009451087284774564,0.01788681574223453
heterogeneity,joint_dirichlet_1.0,B3,equal_opportunity_gap,,,,10,0.014872867293366832,0.00981372215250209,0.02064323500229339
heterogeneity,joint_dirichlet_1.0,B3,equalized_odds_gap,,,,10,0.014872867293366832,0.009804695510412945,0.020625298817411312
heterogeneity,joint_dirichlet_1.0,B3,subgroup_accuracy_gap,,,,10,0.18645593472273467,0.18385547418348194,0.18882436337678177
heterogeneity,joint_dirichlet_1.0,B3,runtime_ms,,,,10,83.14681660849601,82.06067949198768,84.29285577643896
threshold,,B3,accuracy,,lenient,,10,0.7651859229747675,0.761925464807437,0.7683467795484729
threshold,,B3,macro_f1,,lenient,,10,0.47957479377084605,0.4644608506359123,0.49496979271145114
threshold,,B3,demographic_parity_gap,,lenient,,10,0.01447330189627893,0.009159924621999172,0.02011850186544378
threshold,,B3,equal_opportunity_gap,,lenient,,10,0.01776590536891701,0.010442859541964632,0.025977363563611442
threshold,,B3,equalized_odds_gap,,lenient,,10,0.01776590536891701,0.010318161643868451,0.025879457127662774
threshold,,B3,subgroup_accuracy_gap,,lenient,,10,0.18595074750044685,0.1826334381137077,0.1891215982376388
threshold,,B3,runtime_ms,,lenient,,10,71.92225419275928,69.28228371427394,74.93678937331424
threshold,,B3,accuracy,,moderate,,10,0.7465537848605578,0.7117528220451527,0.7666467463479416
threshold,,B3,macro_f1,,moderate,,10,0.4821305573032853,0.45433624916903426,0.5153334584640398
threshold,,B3,demographic_parity_gap,,moderate,,10,0.03125718736928233,0.006208739417796311,0.07411390138744291
threshold,,B3,equal_opportunity_gap,,moderate,,10,0.01188866313160072,0.0075978064731348095,0.016737366556783692
threshold,,B3,equalized_odds_gap,,moderate,,10,0.02546640680913323,0.007688684095230822,0.05574210773046588
threshold,,B3,subgroup_accuracy_gap,,moderate,,10,0.1711903951461651,0.13751930766922243,0.19083563324804187
threshold,,B3,runtime_ms,,moderate,,10,71.70650019834284,69.76322849710414,73.45915439655073
threshold,,B3,accuracy,,strict,,10,0.5006772908366534,0.34760956175298807,0.6538645418326693
threshold,,B3,macro_f1,,strict,,10,0.3165007580205921,0.24440649612130505,0.3887092911230393
threshold,,B3,demographic_parity_gap,,strict,,10,0.0007937581745371,0.00019710259189906998,0.0015048118928967398
threshold,,B3,equal_opportunity_gap,,strict,,10,0.0017658573867663698,0.00057270124085267,0.003154483674930001
threshold,,B3,equalized_odds_gap,,strict,,10,0.0017658573867663698,0.00057270124085267,0.00316350888897897
threshold,,B3,subgroup_accuracy_gap,,strict,,10,0.19558028028084845,0.19486922656248878,0.1961572256042966
threshold,,B3,runtime_ms,,strict,,10,71.12791249819566,69.28237878411892,72.86908098016283
threshold,,B3,accuracy,,submitted,,10,0.7599933598937583,0.7588512616201859,0.7611885790172643
threshold,,B3,macro_f1,,submitted,,10,0.4551151721585905,0.4498433207961688,0.4605046396004042
threshold,,B3,demographic_parity_gap,,submitted,,10,0.00626988239297947,0.004872135911885578,0.007880621683960967
threshold,,B3,equal_opportunity_gap,,submitted,,10,0.00681375099891407,0.0047798190501704444,0.00937953938277812
threshold,,B3,equalized_odds_gap,,submitted,,10,0.00681375099891407,0.004807126034829291,0.009393304262242965
threshold,,B3,subgroup_accuracy_gap,,submitted,,10,0.19108966902190155,0.18998376130198116,0.19206104830535997
threshold,,B3,runtime_ms,,submitted,,10,71.10422920086421,69.14575374852575,73.08372641746246
adversarial,,B0,accuracy,,,label_flip,5,0.7730677290836654,0.7508764940239043,0.7939442231075697
adversarial,,B0,macro_f1,,,label_flip,5,0.5932672606494289,0.5036686953192804,0.6698363481490487
adversarial,,B0,demographic_parity_gap,,,label_flip,5,0.1324006191019291,0.027785271148756063,0.3015925251539997
adversarial,,B0,equal_opportunity_gap,,,label_flip,5,0.11305885639113673,0.03192275330719828,0.2311898830777807
adversarial,,B0,equalized_odds_gap,,,label_flip,5,0.12045354642525355,0.03111870955433148,0.25337395318013106
adversarial,,B0,subgroup_accuracy_gap,,,label_flip,5,0.17398082504304568,0.15242159670711491,0.19750453194543366
adversarial,,B0,runtime_ms,,,label_flip,5,81.32241680868901,79.71089201746508,82.93394159991294
adversarial,,B6,accuracy,,,label_flip,5,0.7670517928286853,0.759003984063745,0.7759760956175298
adversarial,,B6,macro_f1,,,label_flip,5,0.5282245532935538,0.4509603760124949,0.6315429628490317
adversarial,,B6,demographic_parity_gap,,,label_flip,5,0.03602149160445456,0.00578916349367126,0.07493621897732877
adversarial,,B6,equal_opportunity_gap,,,label_flip,5,0.03566387589530974,0.007595460203090121,0.06586315604880692
adversarial,,B6,equalized_odds_gap,,,label_flip,5,0.03566387589530974,0.007595460203090121,0.06546307630704229
adversarial,,B6,subgroup_accuracy_gap,,,label_flip,5,0.1606755335284928,0.1093449235380954,0.19153096740282985
adversarial,,B6,runtime_ms,,,label_flip,5,79.4233335996978,76.93665859987959,81.910008599516
adversarial,,B0,accuracy,,,none,5,0.7751792828685259,0.7727224435590969,0.7776361221779549
adversarial,,B0,macro_f1,,,none,5,0.527004502093376,0.5162136317543097,0.5380235385914853
adversarial,,B0,demographic_parity_gap,,,none,5,0.03000144166123342,0.026262145123312562,0.03383285046274074
adversarial,,B0,equal_opportunity_gap,,,none,5,0.032500252763114926,0.027459385108739482,0.03754112041749036
adversarial,,B0,equalized_odds_gap,,,none,5,0.032500252763114926,0.027459385108739482,0.03754112041749036
adversarial,,B0,subgroup_accuracy_gap,,,none,5,0.17634498497970327,0.17354315939969042,0.17908510416920115
adversarial,,B0,runtime_ms,,,none,5,82.86353340372443,78.78615839290433,87.44971681735478
adversarial,,B6,accuracy,,,none,5,0.7687782204515272,0.7587118193891103,0.7819654714475431
adversarial,,B6,macro_f1,,,none,5,0.5221285284038968,0.4498838696087928,0.6337768075261827
adversarial,,B6,demographic_parity_gap,,,none,5,0.03725526637123472,0.0059177275005916396,0.08749303275636032
adversarial,,B6,equal_opportunity_gap,,,none,5,0.0157253501697368,0.00555404817979134,0.030317750368291495
adversarial,,B6,equalized_odds_gap,,,none,5,0.02518118874241096,0.01099522406236306,0.04002603589137506
adversarial,,B6,subgroup_accuracy_gap,,,none,5,0.1662092900954784,0.12198622043062439,0.19148124443266917
adversarial,,B6,runtime_ms,,,none,5,80.54880860145204,78.61605040961877,82.50152539112605
adversarial,,B0,accuracy,,,random_weights,5,0.6439442231075697,0.5110756972111553,0.7301593625498007
adversarial,,B0,macro_f1,,,random_weights,5,0.5390674631097035,0.44656414814506434,0.6221940297025773
adversarial,,B0,demographic_parity_gap,,,random_weights,5,0.06704631415445138,0.023064966968064798,0.13519446910789973
adversarial,,B0,equal_opportunity_gap,,,random_weights,5,0.07808763711327955,0.021277798944506897,0.13721695529263114
adversarial,,B0,equalized_odds_gap,,,random_weights,5,0.09184259959633945,0.0487877239106267,0.14267915192691172
adversarial,,B0,subgroup_accuracy_gap,,,random_weights,5,0.1064378829657124,0.08380961077132568,0.13235286194227175
adversarial,,B0,runtime_ms,,,random_weights,5,80.98736699903384,78.36831720196642,83.45876699313521
adversarial,,B6,accuracy,,,random_weights,5,0.7724568393094289,0.7592961487383798,0.7902390438247011
adversarial,,B6,macro_f1,,,random_weights,5,0.5276234672740073,0.4521812842502742,0.6352539269009534
adversarial,,B6,demographic_parity_gap,,,random_weights,5,0.038275590224072474,0.0063003424261363,0.08452262628833049
adversarial,,B6,equal_opportunity_gap,,,random_weights,5,0.028237952624480783,0.010745259906172,0.05109630645971121
adversarial,,B6,equalized_odds_gap,,,random_weights,5,0.028269599319442885,0.010745259906172,0.0511912465445975
adversarial,,B6,subgroup_accuracy_gap,,,random_weights,5,0.16751642971261588,0.12873858292864876,0.19097650453256723
adversarial,,B6,runtime_ms,,,random_weights,5,79.58420839859173,76.83581680175848,82.33259999542497
adversarial,,B0,accuracy,,,sign_flip,5,0.7714342629482072,0.7503851261620186,0.7906905710491368
adversarial,,B0,macro_f1,,,sign_flip,5,0.5842530157740728,0.5013419217459845,0.6628785037866969
adversarial,,B0,demographic_parity_gap,,,sign_flip,5,0.1267738957455668,0.02555375527877788,0.2950556596175845
adversarial,,B0,equal_opportunity_gap,,,sign_flip,5,0.11085864629786286,0.02977692298464968,0.2304535855518889
adversarial,,B0,equalized_odds_gap,,,sign_flip,5,0.11615552889952907,0.02977692298464968,0.24610352290117712
adversarial,,B0,subgroup_accuracy_gap,,,sign_flip,5,0.1750759780744729,0.156465168616092,0.19392359548506283
adversarial,,B0,runtime_ms,,,sign_flip,5,79.52514179632999,77.6285917905625,81.42169180209748
adversarial,,B6,accuracy,,,sign_flip,5,0.767636122177955,0.7598804780876494,0.7760690571049137
adversarial,,B6,macro_f1,,,sign_flip,5,0.5252131590722435,0.45465734051345474,0.6283561504109386
adversarial,,B6,demographic_parity_gap,,,sign_flip,5,0.03563186796268668,0.00682736819837332,0.07952918276784147
adversarial,,B6,equal_opportunity_gap,,,sign_flip,5,0.018942210640498842,0.01080443789196126,0.032205847995974056
adversarial,,B6,equalized_odds_gap,,,sign_flip,5,0.02281678856197462,0.01080443789196126,0.036484846901415235
adversarial,,B6,subgroup_accuracy_gap,,,sign_flip,5,0.16319172283050792,0.11503428804792629,0.19053218321650764
adversarial,,B6,runtime_ms,,,sign_flip,5,79.64927499415353,77.0875749993138,82.29635859024711
