suite,partition,method,metric,n,mean,std,median,ci95_low,ci95_high,minimum,maximum,client_count,policy_profile,attack_type
mlp,iid,B0,accuracy,5,0.5513811420982736,0.11060094511237406,0.4904382470119522,0.4686852589641434,0.6379814077025233,0.4561752988047808,0.6968791500664011,,,
mlp,iid,B0,macro_f1,5,0.47167752177224626,0.08074257410452924,0.4385543441908486,0.4107410440634852,0.5374058452372621,0.3851522032555038,0.5761740823857159,,,
mlp,iid,B0,demographic_parity_gap,5,0.0959766257909804,0.056969188523592826,0.0913998578719005,0.05445116566645354,0.1422334427654572,0.0407806185366582,0.1817322806404714,,,
mlp,iid,B0,equal_opportunity_gap,5,0.08308703448031614,0.05510003918221004,0.0824567546586955,0.039908925308356664,0.12626514365227562,0.0273686759953868,0.1527757388537178,,,
mlp,iid,B0,equalized_odds_gap,5,0.09815894729548438,0.06787493893092407,0.0930658015700329,0.049013557781515345,0.15302292508497153,0.0273686759953868,0.2000691982909936,,,
mlp,iid,B0,subgroup_accuracy_gap,5,0.08333669694208742,0.053855155826234805,0.0811052292144073,0.04241866423938542,0.1245730344838667,0.0300512649278484,0.158669090925576,,,
mlp,iid,B0,runtime_ms,5,111.81859179632738,3.416730555103447,112.80912498477846,109.12547539919615,114.51170819345862,107.98579198308288,115.08491699350998,,,
mlp,iid,B3,accuracy,5,0.47021248339973437,0.15774652073751566,0.398140770252324,0.35349269588313414,0.600597609561753,0.3408366533864542,0.6969455511288181,,,
mlp,iid,B3,macro_f1,5,0.4236246520799455,0.11155009137414647,0.3726800730247869,0.3398332268518038,0.5151258974244362,0.3224315149321836,0.5763089073397123,,,
mlp,iid,B3,demographic_parity_gap,5,0.09019014623042493,0.040541097854658974,0.1123883552526887,0.05824792003708716,0.12067930146568621,0.0410309183678934,0.1293846124497869,,,
mlp,iid,B3,equal_opportunity_gap,5,0.08240465975228638,0.06605760508097971,0.0806614225222502,0.029892651362264606,0.13491666814230813,0.0091434557773079,0.1550514637126417,,,
mlp,iid,B3,equalized_odds_gap,5,0.09577692722407072,0.0539846223136611,0.0930658015700329,0.05415631049627674,0.13739754395186468,0.0252574613672285,0.1550514637126417,,,
mlp,iid,B3,subgroup_accuracy_gap,5,0.0530948286325756,0.06255952237657224,0.042030392593821,0.01366673987639184,0.10642128189660435,0.0040690472083575,0.1588726325498382,,,
mlp,iid,B3,runtime_ms,5,111.84090038295835,2.1533799778180063,110.998916963581,110.19146699691191,113.54195057647303,109.81499997433276,114.65958395274356,,,
mlp,iid,B5,accuracy,5,0.5518193891102257,0.11174571446834898,0.4903054448871182,0.4683665338645418,0.6425498007968129,0.4551128818061088,0.699535192563081,,,
mlp,iid,B5,macro_f1,5,0.471548345958008,0.08039770938553464,0.4377025140014314,0.4109819081949918,0.5355633301127698,0.3858544556795763,0.5759144077016306,,,
mlp,iid,B5,demographic_parity_gap,5,0.09488404837249843,0.057045143658472144,0.0896066174477196,0.053324712117582884,0.14113481947671286,0.0413184482429475,0.1810894606058696,,,
mlp,iid,B5,equal_opportunity_gap,5,0.08157799584268936,0.05619671177240218,0.0844337335082778,0.03776812168730372,0.12538786999807502,0.0232553490101682,0.1530939062097471,,,
mlp,iid,B5,equalized_odds_gap,5,0.09597060465426444,0.06873099656603879,0.0916914065634277,0.046532314778793576,0.15278830594407442,0.0232553490101682,0.1995176310113229,,,
mlp,iid,B5,subgroup_accuracy_gap,5,0.08341128139732856,0.05410499869379052,0.0808160143589218,0.04248423404931828,0.12520387109811432,0.0299462745995358,0.1598626187311932,,,
mlp,iid,B5,runtime_ms,5,155.00669181346893,4.158156621775378,155.39508301299065,151.533116819337,157.75126680964604,148.11629202449694,158.61712500918657,,,
mlp,joint_dirichlet_0.3,B0,accuracy,5,0.5513545816733068,0.1107225679923275,0.4915006640106241,0.4683930942895086,0.6406772908366534,0.4557768924302788,0.6969455511288181,,,
mlp,joint_dirichlet_0.3,B0,macro_f1,5,0.4714403389323648,0.08081789184180187,0.4380336669079313,0.41053816780260155,0.5373823171217716,0.3845382344268267,0.5761408961408961,,,
mlp,joint_dirichlet_0.3,B0,demographic_parity_gap,5,0.09583736617017846,0.057163675920986326,0.0921283511377258,0.05409806196960848,0.14198751184776942,0.0402170327009167,0.1815480561132986,,,
mlp,joint_dirichlet_0.3,B0,equal_opportunity_gap,5,0.08278703179560058,0.054368113636859804,0.0821385873026662,0.04005435692208208,0.1255197066691191,0.0275731713516857,0.150548567361513,,,
mlp,joint_dirichlet_0.3,B0,equalized_odds_gap,5,0.09854627138151603,0.06799643909721421,0.0931525944245948,0.049321017345895876,0.15466956249449654,0.0275731713516857,0.2006711106705915,,,
mlp,joint_dirichlet_0.3,B0,subgroup_accuracy_gap,5,0.08367821038067899,0.053926852426281154,0.0808031362941956,0.042602495604457724,0.12482798004686291,0.0311932804745611,0.1588726325498382,,,
mlp,joint_dirichlet_0.3,B0,runtime_ms,5,112.9834744031541,3.5365339402805156,113.13920799875632,110.0124410004355,115.56214099982753,107.53354098415002,116.78304098313674,,,
mlp,joint_dirichlet_0.3,B3,accuracy,5,0.48381142098273566,0.198331383574786,0.398140770252324,0.33136786188579015,0.6362549800796813,0.2855245683930943,0.7205179282868526,,,
mlp,joint_dirichlet_0.3,B3,macro_f1,5,0.40793144421840805,0.12368985958353654,0.3726800730247869,0.3114751021851938,0.5043877862516223,0.2699162040184074,0.544916048685606,,,
mlp,joint_dirichlet_0.3,B3,demographic_parity_gap,5,0.06790235642707994,0.03291746792226021,0.0710184148101274,0.04301551640307379,0.09278919645108608,0.0309986652347274,0.1123883552526887,,,
mlp,joint_dirichlet_0.3,B3,equal_opportunity_gap,5,0.052642359899260284,0.04357896852503002,0.0308662320473926,0.019933613267293083,0.08810014103324985,0.0091434557773079,0.1086492967473242,,,
mlp,joint_dirichlet_0.3,B3,equalized_odds_gap,5,0.0693497973785688,0.031653941688233767,0.0636004140884469,0.045002839758305976,0.09189794293943834,0.0252574613672285,0.1086492967473242,,,
mlp,joint_dirichlet_0.3,B3,subgroup_accuracy_gap,5,0.08780569832700097,0.06360485525426944,0.0956976612331196,0.036465223177363185,0.1385176155978317,0.0090826061857116,0.1791699268864925,,,
mlp,joint_dirichlet_0.3,B3,runtime_ms,5,111.00949180545285,3.524755459502497,110.34729197854176,108.4039920126088,113.61499159829691,106.08958400553092,114.55662501975894,,,
mlp,joint_dirichlet_0.3,B5,accuracy,5,0.4806241699867198,0.17164672965134867,0.4130146082337317,0.3627091633466136,0.6200531208499336,0.3104249667994688,0.75,,,
mlp,joint_dirichlet_0.3,B5,macro_f1,5,0.4134495928070473,0.07685559616982912,0.4088503114909456,0.35382734436660035,0.47033002342921276,0.3104248178195411,0.5101105663503717,,,
mlp,joint_dirichlet_0.3,B5,demographic_parity_gap,5,0.0651640706567658,0.08751818226813618,0.0082285417591608,0.00467334538080964,0.14151378361132266,0.0014406783281889,0.1980527603880999,,,
mlp,joint_dirichlet_0.3,B5,equal_opportunity_gap,5,0.11597594266361481,0.07694029826213533,0.1361419266318644,0.056157966379363954,0.17579391894786567,0.0162253927253347,0.1881848523777726,,,
mlp,joint_dirichlet_0.3,B5,equalized_odds_gap,5,0.1205722703322665,0.08279601536885875,0.1361419266318644,0.056157966379363954,0.18498657428516901,0.0162253927253347,0.211166490721031,,,
mlp,joint_dirichlet_0.3,B5,subgroup_accuracy_gap,5,0.07813797065089043,0.07113857024927525,0.0775953547978042,0.030495794860532822,0.13652369400426384,0.0160976410855679,0.1928108063251196,,,
mlp,joint_dirichlet_0.3,B5,runtime_ms,5,151.5459166141227,5.683113036907846,151.91058302298188,147.05416683573276,155.8328497922048,143.83129205089062,158.21074997074902,,,
scaling,,B0,accuracy,5,0.7706241699867198,0.0005665532272962065,0.7705843293492696,0.7701859229747676,0.771062416998672,0.7700531208499336,0.7713811420982736,3.0,,
scaling,,B0,macro_f1,5,0.5058260518990048,0.0028648387911911345,0.505230644801839,0.5035790774370545,0.5080730263609547,0.5030421868774512,0.5094159697029833,3.0,,
scaling,,B0,demographic_parity_gap,5,0.02332542482418678,0.0011277241175884705,0.0229535055125238,0.0224461899994766,0.02420465964889696,0.02227008547324,0.0247145507748893,3.0,,
scaling,,B0,equal_opportunity_gap,5,0.02911808235907668,0.0018661092785257818,0.0282272137621947,0.027754475335175298,0.03071348886785542,0.0274772070504058,0.0318407266782471,3.0,,
scaling,,B0,equalized_odds_gap,5,0.02911808235907668,0.0018661092785257818,0.0282272137621947,0.027754475335175298,0.03071348886785542,0.0274772070504058,0.0318407266782471,3.0,,
scaling,,B0,subgroup_accuracy_gap,5,0.1805076047680212,0.0007023441764039745,0.1806875727136756,0.17993729505798645,0.18103720615320348,0.1795049571622811,0.1811738901610602,3.0,,
scaling,,B0,runtime_ms,5,38.515708001796156,3.4317559217700744,40.12591700302437,35.78713280148804,41.118333011399955,34.22679100185633,41.970541002228856,3.0,,
scaling,,B5,accuracy,5,0.7883798140770253,0.03011652376101723,0.8088977423638778,0.7657503320053122,0.8106241699867198,0.7543160690571049,0.8128818061088977,3.0,,
scaling,,B5,macro_f1,5,0.6181883322364611,0.16782831189854458,0.7217723907735627,0.4922001378276689,0.7441765266452531,0.4299772899318698,0.7501217374973354,3.0,,
scaling,,B5,demographic_parity_gap,5,0.12444324686020443,0.11826422843239791,0.1469737420472684,0.030372534530113397,0.21851395919029545,0.0,0.2365938794570214,3.0,,
scaling,,B5,equal_opportunity_gap,5,0.1165052314824599,0.11106912274950143,0.1305708562129173,0.02880048621912642,0.2051054150713077,0.0,0.2273182947372148,3.0,,
scaling,,B5,equalized_odds_gap,5,0.1165052314824599,0.11106912274950143,0.1305708562129173,0.0279050478936121,0.2051054150713077,0.0,0.2273182947372148,3.0,,
scaling,,B5,subgroup_accuracy_gap,5,0.14527345637688965,0.045552055806100035,0.1136810963108536,0.11168924884795976,0.1788597380364934,0.1111355723018985,0.1963740384553856,3.0,,
scaling,,B5,runtime_ms,5,51.33207499748096,4.345162069003431,54.469749971758574,47.946625004988164,54.496333200950176,46.02800001157448,54.513500013854355,3.0,,
scaling,,B6,accuracy,5,0.776148738379814,0.01649544595923186,0.7797476759628154,0.7627755644090305,0.7882735723771581,0.7553120849933599,0.797742363877822,3.0,,
scaling,,B6,macro_f1,5,0.5385676756216312,0.08525237651728929,0.5468134883688904,0.472590709380926,0.6029890554874842,0.4342592340096279,0.6515898108538913,3.0,,
scaling,,B6,demographic_parity_gap,5,0.04011455379581856,0.03483993241987175,0.0337336893643493,0.01300250855473586,0.06722659903690127,0.0014782694392431,0.0836564300026733,3.0,,
scaling,,B6,equal_opportunity_gap,5,0.0479908331243634,0.0438303153054874,0.0279101888383235,0.01459102927996494,0.0825078213761623,0.004772510340439,0.1026338202188785,3.0,,
scaling,,B6,equalized_odds_gap,5,0.0479908331243634,0.0438303153054874,0.0279101888383235,0.01459102927996494,0.0825078213761623,0.004772510340439,0.1026338202188785,3.0,,
scaling,,B6,subgroup_accuracy_gap,5,0.1703747422556644,0.02308333301304426,0.1719209805960261,0.15110919754391633,0.18689995113757332,0.135244513026714,0.1948957690161424,3.0,,
scaling,,B6,runtime_ms,5,38.81623318884522,4.021708411365052,37.35304204747081,35.67897479515523,41.95349158253521,34.85125000588596,43.395624961704016,3.0,,
scaling,,B0,accuracy,5,0.7707436918990703,0.0008433196344412739,0.7707171314741036,0.7700796812749003,0.7714077025232404,0.7697211155378486,0.7716467463479416,5.0,,
scaling,,B0,macro_f1,5,0.5063454257773574,0.003972569038431656,0.5059314950480023,0.5032220809543998,0.5094687706003153,0.5015904458504634,0.5105972421663307,5.0,,
scaling,,B0,demographic_parity_gap,5,0.023581658193655604,0.0015420828009380066,0.0230456177761102,0.02238834702837952,0.02475826307884313,0.021882319321805,0.0253058585505866,5.0,,
scaling,,B0,equal_opportunity_gap,5,0.029818050542341063,0.003039407316507074,0.0281135417624643,0.02752267585029794,0.03215432430564396,0.027068216337808,0.0334315634583934,5.0,,
scaling,,B0,equalized_odds_gap,5,0.029818050542341063,0.003039407316507074,0.0281135417624643,0.02752267585029794,0.03211342523438418,0.027068216337808,0.0334315634583934,5.0,,
scaling,,B0,subgroup_accuracy_gap,5,0.18033021243531203,0.0010453639060245814,0.1807925630419882,0.17952595522794362,0.1811344696426804,0.1791107519784829,0.1813645537205962,5.0,,
scaling,,B0,runtime_ms,5,45.5807916005142,4.998291795046447,46.89383303048089,41.96393339661881,49.23011660575867,39.54504197463393,52.34275001566857,5.0,,
scaling,,B5,accuracy,5,0.7820185922974767,0.021779720548019747,0.7791500664010624,0.7657503320053122,0.7995252324037184,0.7543160690571049,0.8108233731739708,5.0,,
scaling,,B5,macro_f1,5,0.5604155138571525,0.10329486310965601,0.5456728592359705,0.483672314583543,0.6444845708219112,0.4299772899318698,0.6979977169958171,5.0,,
scaling,,B5,demographic_parity_gap,5,0.056913632175712305,0.058358846552013975,0.0341343335805106,0.01668099334651372,0.10461427678704158,0.0,0.148636436606593,5.0,,
scaling,,B5,equal_opportunity_gap,5,0.07353093220750448,0.08112224426022199,0.0332042194589327,0.0181412514544589,0.14315223308357855,0.0,0.2013371025978336,5.0,,
scaling,,B5,equalized_odds_gap,5,0.07353093220750448,0.08112224426022199,0.0332042194589327,0.0181412514544589,0.1416747255735152,0.0,0.2013371025978336,5.0,,
scaling,,B5,subgroup_accuracy_gap,5,0.16528792273626539,0.02681354819746232,0.1725058493393603,0.14530658630165866,0.18504729509389262,0.1279136245331225,0.1963740384553856,5.0,,
scaling,,B5,runtime_ms,5,58.224725001491606,4.180130065833573,59.645375004038215,54.86862292164005,61.372925410978496,52.37329099327326,62.33054201584309,5.0,,
scaling,,B6,accuracy,5,0.7765338645418327,0.014792511489962077,0.7760292164674635,0.7650863213811421,0.7879814077025232,0.7592961487383798,0.7952855245683931,5.0,,
scaling,,B6,macro_f1,5,0.5388064696895636,0.07880902815330745,0.5297209428444549,0.47999708630706533,0.6021922981558079,0.4510689161520778,0.6505065350300432,5.0,,
scaling,,B6,demographic_parity_gap,5,0.04487782096565384,0.050486499926238076,0.0333484306242706,0.014762767492900161,0.08946954428962037,0.004974603834522,0.1322631608054455,5.0,,
scaling,,B6,equal_opportunity_gap,5,0.05908853335130756,0.08805387164103395,0.0265449824094008,0.008689224751249641,0.13770408836484252,0.0014960149110245,0.2132886566197374,5.0,,
scaling,,B6,equalized_odds_gap,5,0.0602030312636197,0.0871735509489099,0.0265449824094008,0.010918220575873919,0.13879579653511748,0.0069545557623992,0.2132886566197374,5.0,,
scaling,,B6,subgroup_accuracy_gap,5,0.17258239960510474,0.017479868888462296,0.1744189239670833,0.15799602148037115,0.1852225049757572,0.1464432339821396,0.1913994346208637,5.0,,
scaling,,B6,runtime_ms,5,43.28470821492374,4.02580606290133,43.28183300094679,40.191449818667024,46.377966611180454,37.848291045520455,47.368291998282075,5.0,,
scaling,,B0,accuracy,5,0.7713147410358565,0.0013338186870253009,0.7707835325365205,0.7704382470119521,0.7724435590969456,0.7701195219123506,0.7735059760956176,10.0,,
scaling,,B0,macro_f1,5,0.5091316867366303,0.006273436181883803,0.5067976142368009,0.5051000671605718,0.5144272858567878,0.5034990090115348,0.5195639808045415,10.0,,
scaling,,B0,demographic_parity_gap,5,0.02425348797468576,0.0014641789103404831,0.023735476847757,0.02319131642927528,0.025515730887041222,0.0225657393610887,0.0263062153853115,10.0,,
scaling,,B0,equal_opportunity_gap,5,0.028563660032753478,0.0037128055822576067,0.0291817158302825,0.025268542959162022,0.03119982223755614,0.0225915959263154,0.0324770613903056,10.0,,
scaling,,B0,equalized_odds_gap,5,0.028563660032753478,0.0037128055822576067,0.0291817158302825,0.025268542959162022,0.03119982223755614,0.0225915959263154,0.0324770613903056,10.0,,
scaling,,B0,subgroup_accuracy_gap,5,0.18008685713056932,0.0008220110749724105,0.1800898259056153,0.1794505844485011,0.1807231298126376,0.179070151973801,0.1810753388651107,10.0,,
scaling,,B0,runtime_ms,5,54.65780841186643,2.606061435516259,55.47883303370327,52.75013342034072,56.565483403392136,51.18350003613159,57.84062499878928,10.0,,
scaling,,B5,accuracy,5,0.7557901726427623,0.0030054825574773215,0.7543824701195219,0.7543293492695884,0.7585126162018592,0.7543160690571049,0.7611553784860557,10.0,,
scaling,,B5,macro_f1,5,0.4369312523578972,0.01374262589870853,0.4302637624811281,0.43003458444172143,0.44944579704011306,0.4299772899318698,0.4614068879120387,10.0,,
scaling,,B5,demographic_parity_gap,5,0.002054123537268968,0.0037643054070101976,9.855129594954174e-05,1.971025918990835e-05,0.005511932058539941,0.0,0.0086937969511522,10.0,,
scaling,,B5,equal_opportunity_gap,5,0.00294541858999876,0.004689903838524593,0.0003181673560292,6.363347120584e-05,0.00724541898985,0.0,0.0109090846776427,10.0,,
scaling,,B5,equalized_odds_gap,5,0.00294541858999876,0.004689903838524593,0.0003181673560292,6.363347120584e-05,0.00724541898985,0.0,0.0109090846776427,10.0,,
scaling,,B5,subgroup_accuracy_gap,5,0.19491122269381383,0.002844767860801205,0.1962754871594361,0.1923206655768988,0.1963543281961957,0.1898483700151232,0.1963740384553856,10.0,,
scaling,,B5,runtime_ms,5,79.30303321918473,5.145803248655452,78.49291700404137,75.70594160351902,83.95949142286554,73.84795800317079,87.81158301280811,10.0,,
scaling,,B6,accuracy,5,0.792788844621514,0.022287850680270803,0.7899070385126162,0.7748472775564409,0.8103054448871182,0.7592961487383798,0.8183930942895087,10.0,,
scaling,,B6,macro_f1,5,0.6160198649204706,0.1060171586576384,0.6166286064516375,0.5253184130155933,0.6918494068837683,0.4525589770495535,0.7419966071718556,10.0,,
scaling,,B6,demographic_parity_gap,5,0.096907673763958,0.07683099761429278,0.0941742383301715,0.04137068263632276,0.16414780078660898,0.0061572193859165,0.2182660464146715,10.0,,
scaling,,B6,equal_opportunity_gap,5,0.11791213668515307,0.09092608336404656,0.0910467020554068,0.0524948719076503,0.18968909280033538,0.0088635598985748,0.2554506866302878,10.0,,
scaling,,B6,equalized_odds_gap,5,0.11791213668515307,0.09092608336404656,0.0910467020554068,0.05215808290744408,0.18968909280033538,0.0088635598985748,0.2554506866302878,10.0,,
scaling,,B6,subgroup_accuracy_gap,5,0.15353220341621351,0.02538349030551848,0.1550236357621128,0.1336097129172465,0.17460354165635705,0.122418542278897,0.1913994346208637,10.0,,
scaling,,B6,runtime_ms,5,56.76957459654659,5.9037252861428495,54.748374968767166,52.764741401188076,61.76269939169288,51.55858298530802,66.34654098888859,10.0,,
scaling,,B0,accuracy,5,0.770066401062417,0.0051736186550331836,0.7713811420982736,0.7653120849933599,0.7733622177954848,0.7612217795484728,0.7748339973439575,20.0,,
scaling,,B0,macro_f1,5,0.5031923217814016,0.02467344319001744,0.5096201879613467,0.48102165963471577,0.5192552670770864,0.4609543527163418,0.5256786531542461,20.0,,
scaling,,B0,demographic_parity_gap,5,0.02213508243395658,0.008311080864499738,0.0249116533667884,0.01452277412530402,0.026798578702958605,0.0075968546309811,0.0284485877667492,20.0,,
scaling,,B0,equal_opportunity_gap,5,0.024754676974451197,0.011325455372532177,0.0286590531179544,0.01500938793625912,0.0322679963053744,0.0060457509806352,0.0341815701701824,20.0,,
scaling,,B0,equalized_odds_gap,5,0.024754676974451197,0.011325455372532177,0.0286590531179544,0.01500938793625912,0.0322679963053744,0.0060457509806352,0.0341815701701824,20.0,,
scaling,,B0,subgroup_accuracy_gap,5,0.18145627282208202,0.005046489974067388,0.1795049571622811,0.17873328827882876,0.18603538366633318,0.1783074977356571,0.1903540045595971,20.0,,
scaling,,B0,runtime_ms,5,77.53382481168956,7.979563573308212,79.89591703517362,71.25279981410131,83.8148498092778,68.68104101158679,85.43141599511728,20.0,,
scaling,,B5,accuracy,5,0.7579946879150066,0.005529976793871578,0.7543824701195219,0.7543293492695884,0.7629747675962815,0.7543160690571049,0.7667994687915006,20.0,,
scaling,,B5,macro_f1,5,0.44741811627077255,0.026040689785968282,0.4307926808240625,0.4301403681103083,0.47086499019153916,0.4299772899318698,0.4890021701798827,20.0,,
scaling,,B5,demographic_parity_gap,5,0.0025840097643813403,0.004243342863282777,0.0001114293606756,2.228587213512e-05,0.00649068102516054,0.0,0.0098223928322858,20.0,,
scaling,,B5,equal_opportunity_gap,5,0.00643554883297696,0.008501744751616887,0.0011589974243866,0.00023179948487732,0.01345727960627216,0.0,0.0181338256454313,20.0,,
scaling,,B5,equalized_odds_gap,5,0.00643554883297696,0.008501744751616887,0.0011589974243866,0.00023179948487732,0.01345727960627216,0.0,0.0181338256454313,20.0,,
scaling,,B5,subgroup_accuracy_gap,5,0.19387480727785572,0.0037671708762008877,0.1962754871594361,0.19047108662843457,0.1963543281961957,0.187815461183858,0.1963740384553856,20.0,,
scaling,,B5,runtime_ms,5,118.37695820722729,10.032460752709849,116.32800003280865,110.65981680294499,126.23824961483479,107.12812497513367,131.3812910229899,20.0,,
scaling,,B6,accuracy,5,0.7746613545816733,0.0106427874724909,0.7740371845949535,0.7663479415670651,0.7840239043824702,0.7612217795484728,0.7910358565737052,20.0,,
scaling,,B6,macro_f1,5,0.5270688928067526,0.05267891690592791,0.5235932552474813,0.4860140033239729,0.5735636889629545,0.4609543527163418,0.6085210183603547,20.0,,
scaling,,B6,demographic_parity_gap,5,0.03081113493642234,0.01952990394581947,0.0274501967425276,0.01650746443322238,0.0481357813798869,0.0085031333916162,0.0623362723069594,20.0,,
scaling,,B6,equal_opportunity_gap,5,0.03207766710783584,0.01867101893990207,0.026523276198397,0.01917732317863464,0.04825987589759464,0.0123862494580587,0.0627509423637264,20.0,,
scaling,,B6,equalized_odds_gap,5,0.03207766710783584,0.01867101893990207,0.026523276198397,0.019245526378472884,0.04939613892203526,0.0123862494580587,0.0627509423637264,20.0,,
scaling,,B6,subgroup_accuracy_gap,5,0.17530112756683947,0.012837653979944234,0.1775854435021948,0.16359888631619568,0.18460039816488774,0.1542609815239689,0.1894477257989619,20.0,,
scaling,,B6,runtime_ms,5,88.98807460209355,35.07217926732722,74.57033300306648,70.01128301490098,120.42225798359141,67.33816600171849,150.99020797060803,20.0,,
scaling,,B0,accuracy,5,0.7721646746347941,0.0010741795731071917,0.7717131474103586,0.7714475431606905,0.7731474103585657,0.7711819389110226,0.7739043824701195,50.0,,
scaling,,B0,macro_f1,5,0.5130369857431327,0.00504472534810545,0.5106378232876764,0.5096599401861763,0.517356846693448,0.5086815241056082,0.5211932713776234,50.0,,
scaling,,B0,demographic_parity_gap,5,0.02529723706737898,0.0008881811030409527,0.0250572436997829,0.02470424832310842,0.026098417179530882,0.0244188968870407,0.0267925328326962,50.0,,
scaling,,B0,equal_opportunity_gap,5,0.02919553925939546,0.004612531186445404,0.0308862246101593,0.025414088816103197,0.03266796180392318,0.0227052679260457,0.0334315634583934,50.0,,
scaling,,B0,equalized_odds_gap,5,0.02919553925939546,0.004612531186445404,0.0308862246101593,0.025414088816103197,0.03266796180392318,0.0227052679260457,0.0334315634583934,50.0,,
scaling,,B0,subgroup_accuracy_gap,5,0.17918791204666928,0.000379144792321859,0.1791365081079353,0.17892316551416343,0.17952466742147105,0.1787809371183155,0.1798006110501298,50.0,,
scaling,,B0,runtime_ms,5,130.6465002009645,8.046418624483307,132.12195900268853,124.28011659067124,136.7654666188173,120.00937497941776,141.36308303568512,50.0,,
scaling,,B5,accuracy,5,0.7541965471447544,0.00016533731205829296,0.7543160690571049,0.7540637450199204,0.7543160690571049,0.7539840637450199,0.7543160690571049,50.0,,
scaling,,B5,macro_f1,5,0.4299384474705724,5.3731820424642744e-05,0.4299772899318698,0.4298952884540993,0.4299772899318698,0.4298693923906871,0.4299772899318698,50.0,,
scaling,,B5,demographic_parity_gap,5,0.00012470058750252002,0.0001852979832119738,0.0,0.0,0.00029010949985748004,0.0,0.0004135222808874,50.0,,
scaling,,B5,equal_opportunity_gap,5,0.0,0.0,0.0,0.0,0.0,0.0,0.0,50.0,,
scaling,,B5,equalized_odds_gap,5,0.00011534796592684001,0.0001775805993621132,0.0,0.0,0.000276609614131,0.0,0.0004031541205104,50.0,,
scaling,,B5,subgroup_accuracy_gap,5,0.19624933786788307,0.00018529798321197195,0.1963740384553856,0.19608392895552812,0.1963740384553856,0.1959605161744982,0.1963740384553856,50.0,,
scaling,,B5,runtime_ms,5,220.09674997534603,17.83492296614139,210.28720895992592,207.87730818847194,235.73785836342722,206.4517909893766,248.25133295962587,50.0,,
scaling,,B6,accuracy,5,0.7749003984063745,0.01550859324585212,0.7688579017264277,0.7668260292164675,0.7890172642762284,0.7654714475431607,0.8024568393094289,50.0,,
scaling,,B6,macro_f1,5,0.526519332902497,0.07272239757798941,0.4972819503302998,0.4887433839888001,0.5914364767530003,0.4820852157656956,0.6557682257695763,50.0,,
scaling,,B6,demographic_parity_gap,5,0.03616084349799446,0.035428917582175055,0.0206526647333655,0.01866192855518482,0.0677719790602667,0.0162436125450885,0.0993291350708597,50.0,,
scaling,,B6,equal_opportunity_gap,5,0.0499357096303032,0.042769646735723504,0.033135673529447,0.028263200375174678,0.08858544621400832,0.0257949756976119,0.1260896660727923,50.0,,
scaling,,B6,equalized_odds_gap,5,0.0499357096303032,0.042769646735723504,0.033135673529447,0.028263200375174678,0.08858544621400832,0.0257949756976119,0.1260896660727923,50.0,,
scaling,,B6,subgroup_accuracy_gap,5,0.17367755263653195,0.01888963736419963,0.1814373488870934,0.1565923364963692,0.18324464686230266,0.140028994902553,0.1846509074592499,50.0,,
scaling,,B6,runtime_ms,5,132.07980840234086,11.403864721432889,129.6557920286432,123.04309159517288,141.11652520950884,120.37420796696097,144.42629198310897,50.0,,
heterogeneity,iid,B0,accuracy,10,0.7744023904382471,0.00021967057593269383,0.7743691899070385,0.7742695883134132,0.7745285524568393,0.7739707835325366,0.7747675962815405,,,
heterogeneity,iid,B0,macro_f1,10,0.5232109916885747,0.0009045349023861566,0.5230109767957762,0.5226801022147078,0.5237486876124997,0.5216270695103296,0.5248642040504005,,,
heterogeneity,iid,B0,demographic_parity_gap,10,0.027768190662596635,0.00034037918254368403,0.02777160675982855,0.027570444167461274,0.027966581060968325,0.0271802989841313,0.0283757926002519,,,
heterogeneity,iid,B0,equal_opportunity_gap,10,0.02610737377124277,0.0013310547147281262,0.026523276198397,0.02525060677427992,0.02678460755456109,0.0228189399257761,0.0276822736227837,,,
heterogeneity,iid,B0,equalized_odds_gap,10,0.02610737377124277,0.0013310547147281262,0.026523276198397,0.02523015723865003,0.026773240354588057,0.0228189399257761,0.0276822736227837,,,
heterogeneity,iid,B0,subgroup_accuracy_gap,10,0.1778605466465669,0.0003527729280533678,0.1778382607744318,0.17765294502183657,0.1780694360777699,0.1771976773507597,0.1783931709668804,,,
heterogeneity,iid,B0,runtime_ms,10,84.6041084965691,3.2823253752999295,84.49137501884252,82.63981106414576,86.460871402669,79.41341702826321,88.45400001155213,,,
heterogeneity,iid,B3,accuracy,10,0.7744023904382471,0.00021967057593269383,0.7743691899070385,0.7742762284196547,0.7745285524568393,0.7739707835325366,0.7747675962815405,,,
heterogeneity,iid,B3,macro_f1,10,0.5232109916885747,0.0009045349023861566,0.5230109767957762,0.5226992582801111,0.5237522893977216,0.5216270695103296,0.5248642040504005,,,
heterogeneity,iid,B3,demographic_parity_gap,10,0.027768190662596635,0.00034037918254368403,0.02777160675982855,0.027573019780406483,0.02797387667519897,0.0271802989841313,0.0283757926002519,,,
heterogeneity,iid,B3,equal_opportunity_gap,10,0.02610737377124277,0.0013310547147281262,0.026523276198397,0.02521879003867699,0.02678460755456109,0.0228189399257761,0.0276822736227837,,,
heterogeneity,iid,B3,equalized_odds_gap,10,0.02610737377124277,0.0013310547147281262,0.026523276198397,0.025252891638596113,0.026793689890217944,0.0228189399257761,0.0276822736227837,,,
heterogeneity,iid,B3,subgroup_accuracy_gap,10,0.1778605466465669,0.0003527729280533678,0.1778382607744318,0.17765294502183657,0.17806879217453359,0.1771976773507597,0.1783931709668804,,,
heterogeneity,iid,B3,runtime_ms,10,83.14037089585327,2.2725523929771203,83.29150002100505,81.77357177861268,84.46116046790848,79.61725001223385,86.65170898893848,,,
heterogeneity,joint_dirichlet_0.3,B0,accuracy,10,0.7735524568393094,0.001158609218800209,0.7732403718459495,0.773074369189907,0.7743227091633467,0.7728419654714476,0.7767596281540504,,,
heterogeneity,joint_dirichlet_0.3,B0,macro_f1,10,0.5196214762875733,0.005226123689395887,0.518012706279609,0.5175108491203146,0.5231038100890801,0.5163711618948659,0.5341647068452626,,,
heterogeneity,joint_dirichlet_0.3,B0,demographic_parity_gap,10,0.02717242972433053,0.001884286039985507,0.0265783497546377,0.026448945263430702,0.028411153118163564,0.0261348689228648,0.0324763128359542,,,
heterogeneity,joint_dirichlet_0.3,B0,equal_opportunity_gap,10,0.027970794864310422,0.0026200495300983226,0.0279775923356511,0.026475408290972845,0.029550434381267247,0.025227758131118,0.0327049766058454,,,
heterogeneity,joint_dirichlet_0.3,B0,equalized_odds_gap,10,0.027970794864310422,0.0026200495300983226,0.0279775923356511,0.02647312342665666,0.02956163164445677,0.025227758131118,0.0327049766058454,,,
heterogeneity,joint_dirichlet_0.3,B0,subgroup_accuracy_gap,10,0.1783667709341918,0.0010808780748043315,0.1786009150125758,0.17766167673084746,0.17885566399452163,0.1754495101531203,0.1792543765009739,,,
heterogeneity,joint_dirichlet_0.3,B0,runtime_ms,10,83.32286688964814,2.3406236119215595,83.54589599184692,81.8884278301266,84.66416373921675,79.53804201679304,86.53837500605732,,,
heterogeneity,joint_dirichlet_0.3,B3,accuracy,10,0.7643691899070386,0.0059543486399196545,0.7635126162018593,0.761042496679947,0.7679948539176628,0.7559096945551129,0.7756972111553785,,,
heterogeneity,joint_dirichlet_0.3,B3,macro_f1,10,0.4758016534484198,0.028114339875317317,0.4710277277222512,0.46007807410271007,0.4923883380398197,0.4368129207481718,0.5300664756018416,,,
heterogeneity,joint_dirichlet_0.3,B3,demographic_parity_gap,10,0.013229427276555433,0.009331730741053501,0.010780454652251949,0.008164355037332165,0.01900828831844583,0.0020631381825772,0.0326199373584453,,,
heterogeneity,joint_dirichlet_0.3,B3,equal_opportunity_gap,10,0.01596366151791528,0.0114724672896705,0.011795612032323901,0.009638642996233923,0.023105004938162928,0.0054094162685766,0.0396589611521656,,,
heterogeneity,joint_dirichlet_0.3,B3,equalized_odds_gap,10,0.01596366151791528,0.0114724672896705,0.011795612032323901,0.009720553953929092,0.023354512121490742,0.0054094162685766,0.0396589611521656,,,
heterogeneity,joint_dirichlet_0.3,B3,subgroup_accuracy_gap,10,0.18673999835232982,0.005742445685269291,0.18786026360997304,0.18313307016613561,0.18999997703211188,0.1755158662872544,0.1943109002728082,,,
heterogeneity,joint_dirichlet_0.3,B3,runtime_ms,10,83.76446669572033,3.5765353714845056,83.54572948883288,81.69569506469998,85.8434326366114,79.1584579856135,88.10708398232237,,,
heterogeneity,joint_dirichlet_1.0,B0,accuracy,10,0.7738114209827358,0.0003823430346469814,0.7737051792828685,0.773585657370518,0.7740373505976097,0.7731739707835326,0.7744355909694555,,,
heterogeneity,joint_dirichlet_1.0,B0,macro_f1,10,0.5208375738935953,0.0015051020767118625,0.5205754878659719,0.519958653590986,0.5217350018294553,0.5183664264710249,0.5232917734373447,,,
heterogeneity,joint_dirichlet_1.0,B0,demographic_parity_gap,10,0.027178618015557987,0.000430428209047451,0.02724567221301375,0.026915105129439464,0.02742499625543183,0.0264047666812611,0.0277844848245547,,,
heterogeneity,joint_dirichlet_1.0,B0,equal_opportunity_gap,10,0.026032315978455962,0.0020737928095277223,0.02651185187681605,0.024800602747206562,0.02721873034659674,0.0229097632823446,0.0292502617597682,,,
heterogeneity,joint_dirichlet_1.0,B0,equalized_odds_gap,10,0.026032315978455962,0.0020737928095277223,0.02651185187681605,0.024791407596374083,0.02721176293847255,0.0229097632823446,0.0292502617597682,,,
heterogeneity,joint_dirichlet_1.0,B0,subgroup_accuracy_gap,10,0.1783751416762638,0.0003635642505263097,0.1783310172541795,0.1781675400515335,0.17859923404400252,0.1778810973900435,0.1789716006778515,,,
heterogeneity,joint_dirichlet_1.0,B0,runtime_ms,10,83.8416330923792,3.403468250511442,82.99812499899417,81.91615231524338,85.93783688906115,79.9041249556467,89.87049997085705,,,
heterogeneity,joint_dirichlet_1.0,B3,accuracy,10,0.7649269588313412,0.0043384060083737725,0.7637782204515272,0.7625564409030544,0.7675896414342629,0.7605577689243028,0.7727755644090305,,,
heterogeneity,joint_dirichlet_1.0,B3,macro_f1,10,0.478102591854426,0.02058090582361007,0.4722057319626097,0.4667708208776538,0.4908048070723531,0.4579992418067866,0.5155313107438741,,,
heterogeneity,joint_dirichlet_1.0,B3,demographic_parity_gap,10,0.01339780496395633,0.007042146497603781,0.0112732111319997,0.009451087284774564,0.01788681574223453,0.00701842492001,0.0259570834280549,,,
heterogeneity,joint_dirichlet_1.0,B3,equal_opportunity_gap,10,0.014872867293366832,0.009279762915118159,0.012704702422127501,0.00981372215250209,0.02064323500229339,0.0057504322677678,0.03056805725413,,,
heterogeneity,joint_dirichlet_1.0,B3,equalized_odds_gap,10,0.014872867293366832,0.009279762915118159,0.012704702422127501,0.009804695510412945,0.020625298817411312,0.0057504322677678,0.03056805725413,,,
heterogeneity,joint_dirichlet_1.0,B3,subgroup_accuracy_gap,10,0.18645593472273467,0.004313661300571308,0.18746605842617486,0.18385547418348194,0.18882436337678177,0.1792479374686109,0.1907353316786691,,,
heterogeneity,joint_dirichlet_1.0,B3,runtime_ms,10,83.14681660849601,1.8954616964669377,82.76856254087761,82.06067949198768,84.29285577643896,80.60241700150073,86.07112499885261,,,
threshold,,B3,accuracy,10,0.7651859229747675,0.005477812648200931,0.7645418326693227,0.761925464807437,0.7683467795484729,0.7565737051792829,0.7730411686586985,,lenient,
threshold,,B3,macro_f1,10,0.47957479377084605,0.02622185683751123,0.4754725177445231,0.4644608506359123,0.49496979271145114,0.4396368592505212,0.5186766089332585,,lenient,
threshold,,B3,demographic_parity_gap,10,0.01447330189627893,0.009310177048967477,0.011999467786895101,0.009159924621999172,0.02011850186544378,0.002746558221861,0.0303319746440132,,lenient,
threshold,,B3,equal_opportunity_gap,10,0.01776590536891701,0.01338099554614034,0.0129774580998725,0.010442859541964632,0.025977363563611442,0.0035912354889695,0.0427720887829727,,lenient,
threshold,,B3,equalized_odds_gap,10,0.01776590536891701,0.01338099554614034,0.0129774580998725,0.010318161643868451,0.025879457127662774,0.0035912354889695,0.0427720887829727,,lenient,
threshold,,B3,subgroup_accuracy_gap,10,0.18595074750044685,0.005452507958842061,0.1869369043631786,0.1826334381137077,0.1891215982376388,0.1776453606039659,0.1936274802335246,,lenient,
threshold,,B3,runtime_ms,10,71.92225419275928,4.797505018970049,72.52933348354418,69.28228371427394,74.93678937331424,65.71799999801442,82.64433397562243,,lenient,
threshold,,B3,accuracy,10,0.7465537848605578,0.05256204580090965,0.7594289508632138,0.7117528220451527,0.7666467463479416,0.598339973439575,0.7819389110225764,,moderate,
threshold,,B3,macro_f1,10,0.4821305573032853,0.05279088064870922,0.45509983131003107,0.45433624916903426,0.5153334584640398,0.4480245873996351,0.5926428818061831,,moderate,
threshold,,B3,demographic_parity_gap,10,0.03125718736928233,0.06624533741910997,0.0057961922691854,0.006208739417796311,0.07411390138744291,0.0042847447628752,0.2174893907915137,,moderate,
threshold,,B3,equal_opportunity_gap,10,0.01188866313160072,0.007866120925614888,0.009374798289322049,0.0075978064731348095,0.016737366556783692,0.0040002262015673,0.0277062646981037,,moderate,
threshold,,B3,equalized_odds_gap,10,0.02546640680913323,0.04619152419594484,0.009374798289322049,0.007688684095230822,0.05574210773046588,0.0040002262015673,0.1552302003472763,,moderate,
threshold,,B3,subgroup_accuracy_gap,10,0.1711903951461651,0.052140433557395775,0.1911691539618975,0.13751930766922243,0.19083563324804187,0.0245769841582351,0.1920892936925105,,moderate,
threshold,,B3,runtime_ms,10,71.70650019834284,3.086387097197311,72.7580204984406,69.76322849710414,73.45915439655073,66.19695900008082,75.59475000016391,,moderate,
threshold,,B3,accuracy,10,0.5006772908366534,0.268787851424066,0.500132802124834,0.34760956175298807,0.6538645418326693,0.2456839309428951,0.7576361221779548,,strict,
threshold,,B3,macro_f1,10,0.3165007580205921,0.12577275816358452,0.314175228571293,0.24440649612130505,0.3887092911230393,0.197228144989339,0.4441259006446719,,strict,
threshold,,B3,demographic_parity_gap,10,0.0007937581745371,0.001115150666580865,0.00019710259189905,0.00019710259189906998,0.0015048118928967398,0.0,0.0031150072762068,,strict,
threshold,,B3,equal_opportunity_gap,10,0.0017658573867663698,0.002238661883810723,0.0006363347120585,0.00057270124085267,0.003154483674930001,0.0,0.0061588517642865,,strict,
threshold,,B3,equalized_odds_gap,10,0.0017658573867663698,0.002238661883810723,0.0006363347120585,0.00057270124085267,0.00316350888897897,0.0,0.0061588517642865,,strict,
threshold,,B3,subgroup_accuracy_gap,10,0.19558028028084845,0.0011151506665809034,0.1961769358634865,0.19486922656248878,0.1961572256042966,0.1932590311791787,0.1963740384553856,,strict,
threshold,,B3,runtime_ms,10,71.12791249819566,3.02068766735156,71.24156248755753,69.28237878411892,72.86908098016283,65.49416700727306,75.8444580133073,,strict,
threshold,,B3,accuracy,10,0.7599933598937583,0.0019638581169575584,0.7595949535192563,0.7588512616201859,0.7611885790172643,0.7562416998671979,0.7638778220451528,,submitted,
threshold,,B3,macro_f1,10,0.4551151721585905,0.009051252140671658,0.45354737124242583,0.4498433207961688,0.4605046396004042,0.4382266584274308,0.4730672907624917,,submitted,
threshold,,B3,demographic_parity_gap,10,0.00626988239297947,0.002579570674850181,0.0057994117853669,0.004872135911885578,0.007880621683960967,0.0022538017421133,0.0121173361799339,,submitted,
threshold,,B3,equal_opportunity_gap,10,0.00681375099891407,0.00394655044421228,0.005750146659728251,0.0047798190501704444,0.00937953938277812,0.0033638914895087,0.0164544503730326,,submitted,
threshold,,B3,equalized_odds_gap,10,0.00681375099891407,0.00394655044421228,0.005750146659728251,0.004807126034829291,0.009393304262242965,0.0033638914895087,0.0164544503730326,,submitted,
threshold,,B3,subgroup_accuracy_gap,10,0.19108966902190155,0.0017670394024040309,0.19141231268558973,0.18998376130198116,0.19206104830535997,0.1870161385620389,0.1941202367132722,,submitted,
threshold,,B3,runtime_ms,10,71.10422920086421,3.331088605053054,72.04802100022789,69.14575374852575,73.08372641746246,65.94395800493658,76.8831669993233,,submitted,
adversarial,,B0,accuracy,5,0.7730677290836654,0.028394533770906314,0.7863213811420983,0.7508764940239043,0.7939442231075697,0.7330013280212483,0.801062416998672,,,label_flip
adversarial,,B0,macro_f1,5,0.5932672606494289,0.10313502179272206,0.6001250551853374,0.5036686953192804,0.6698363481490487,0.4299772899318698,0.7078223513291446,,,label_flip
adversarial,,B0,demographic_parity_gap,5,0.1324006191019291,0.18654352298469476,0.061267593527597,0.027785271148756063,0.3015925251539997,0.0,0.4618091462382682,,,label_flip
adversarial,,B0,equal_opportunity_gap,5,0.11305885639113673,0.12810891437265137,0.0777967738858287,0.03192275330719828,0.2311898830777807,0.0,0.3342259536595243,,,label_flip
adversarial,,B0,equalized_odds_gap,5,0.12045354642525355,0.144131733044307,0.0777967738858287,0.03111870955433148,0.25337395318013106,0.0,0.3711994038301083,,,label_flip
adversarial,,B0,subgroup_accuracy_gap,5,0.17398082504304568,0.028678410167955578,0.1621644022970215,0.15242159670711491,0.19750453194543366,0.1430048508781285,0.2113938938435449,,,label_flip
adversarial,,B0,runtime_ms,5,81.32241680868901,2.080063822171877,82.15745800407603,79.71089201746508,82.93394159991294,78.78995902137831,83.20679099415429,,,label_flip
adversarial,,B6,accuracy,5,0.7670517928286853,0.010770428355008263,0.7618193891102257,0.759003984063745,0.7759760956175298,0.7566401062416999,0.7815405046480743,,,label_flip
adversarial,,B6,macro_f1,5,0.5282245532935538,0.11673664581108285,0.4633836795337206,0.4509603760124949,0.6315429628490317,0.4399184762548393,0.7178831756603238,,,label_flip
adversarial,,B6,demographic_parity_gap,5,0.03602149160445456,0.04443615048767995,0.0081817233743153,0.00578916349367126,0.07493621897732877,0.0025430165975988,0.105297195344054,,,label_flip
adversarial,,B6,equal_opportunity_gap,5,0.03566387589530974,0.03756440632113463,0.0147950676634006,0.007595460203090121,0.06586315604880692,0.0047953589836009,0.0852934137072437,,,label_flip
adversarial,,B6,equalized_odds_gap,5,0.03566387589530974,0.03756440632113463,0.0147950676634006,0.007595460203090121,0.06546307630704229,0.0047953589836009,0.0852934137072437,,,label_flip
adversarial,,B6,subgroup_accuracy_gap,5,0.1606755335284928,0.056302361507698066,0.1897691358162629,0.1093449235380954,0.19153096740282985,0.0616139573027162,0.1938310218577867,,,label_flip
adversarial,,B6,runtime_ms,5,79.4233335996978,3.1479198490972067,78.76420899992809,76.93665859987959,81.910008599516,76.280167006189,83.12520899926312,,,label_flip
adversarial,,B0,accuracy,5,0.7751792828685259,0.0032480234263774816,0.7733067729083666,0.7727224435590969,0.7776361221779549,0.7724435590969455,0.7788844621513944,,,none
adversarial,,B0,macro_f1,5,0.527004502093376,0.01433576535970404,0.5186484133407726,0.5162136317543097,0.5380235385914853,0.5147233069878864,0.544233451409603,,,none
adversarial,,B0,demographic_parity_gap,5,0.03000144166123342,0.005032274787493033,0.026719737666199,0.026262145123312562,0.03383285046274074,0.0258585321321054,0.0358676569029205,,,none
adversarial,,B0,equal_opportunity_gap,5,0.032500252763114926,0.006615547208069217,0.0290229177603074,0.027459385108739482,0.03754112041749036,0.0264775789120732,0.0401364977942491,,,none
adversarial,,B0,equalized_odds_gap,5,0.032500252763114926,0.006615547208069217,0.0290229177603074,0.027459385108739482,0.03754112041749036,0.0264775789120732,0.0401364977942491,,,none
adversarial,,B0,subgroup_accuracy_gap,5,0.17634498497970327,0.003651368849846641,0.1784595271010145,0.17354315939969042,0.17908510416920115,0.1719937757625234,0.1797406939483586,,,none
adversarial,,B0,runtime_ms,5,82.86353340372443,5.3315544154333,81.9450420094654,78.78615839290433,87.44971681735478,76.26949998666532,91.11950002261436,,,none
adversarial,,B6,accuracy,5,0.7687782204515272,0.014983366997297328,0.7611553784860557,0.7587118193891103,0.7819654714475431,0.7572377158034529,0.7930278884462152,,,none
adversarial,,B6,macro_f1,5,0.5221285284038968,0.12106891237025495,0.4611661070236427,0.4498838696087928,0.6337768075261827,0.4424467075740961,0.7309271051045844,,,none
adversarial,,B6,demographic_parity_gap,5,0.03725526637123472,0.055078129706092334,0.0087987872794648,0.0059177275005916396,0.08749303275636032,0.0034299782611447,0.1334320959204798,,,none
adversarial,,B6,equal_opportunity_gap,5,0.0157253501697368,0.01624692972050111,0.012704416814088,0.00555404817979134,0.030317750368291495,0.0007871357569269,0.0432267767818942,,,none
adversarial,,B6,equalized_odds_gap,5,0.02518118874241096,0.0189180807899864,0.0142495563079105,0.01099522406236306,0.04002603589137506,0.0076588651878644,0.0480663286202977,,,none
adversarial,,B6,subgroup_accuracy_gap,5,0.1662092900954784,0.04871197199688092,0.1895462770949115,0.12198622043062439,0.19148124443266917,0.0797084205553089,0.1929440601942409,,,none
adversarial,,B6,runtime_ms,5,80.54880860145204,2.5403260358520483,79.37941601267084,78.61605040961877,82.50152539112605,77.86108402069658,83.50204199086875,,,none
adversarial,,B0,accuracy,5,0.6439442231075697,0.1487693864712003,0.7158698539176627,0.5110756972111553,0.7301593625498007,0.3855245683930943,0.7479415670650731,,,random_weights
adversarial,,B0,macro_f1,5,0.5390674631097035,0.11001549006933788,0.5558807380111764,0.44656414814506434,0.6221940297025773,0.3854425311506215,0.6784780510630831,,,random_weights
adversarial,,B0,demographic_parity_gap,5,0.06704631415445138,0.07623005062306878,0.0378466263010882,0.023064966968064798,0.13519446910789973,0.0133801888947312,0.2000930309791074,,,random_weights
adversarial,,B0,equal_opportunity_gap,5,0.07808763711327955,0.07560713518980287,0.0749652557819919,0.021277798944506897,0.13721695529263114,0.00116299593694,0.1858874213078449,,,random_weights
adversarial,,B0,equalized_odds_gap,5,0.09184259959633945,0.061255186354008354,0.0749652557819919,0.0487877239106267,0.14267915192691172,0.0268488844627155,0.1858874213078449,,,random_weights
adversarial,,B0,subgroup_accuracy_gap,5,0.1064378829657124,0.031382758405229874,0.1018986700509633,0.08380961077132568,0.13235286194227175,0.0779192521671706,0.1546964085504653,,,random_weights
adversarial,,B0,runtime_ms,5,80.98736699903384,3.2705065979991175,82.55816699238494,78.36831720196642,83.45876699313521,76.87683400581591,84.29075000458397,,,random_weights
adversarial,,B6,accuracy,5,0.7724568393094289,0.019933893117334355,0.7606241699867198,0.7592961487383798,0.7902390438247011,0.7580345285524568,0.8047144754316069,,,random_weights
adversarial,,B6,macro_f1,5,0.5276234672740073,0.11902452586737455,0.4582712137095431,0.4521812842502742,0.6352539269009534,0.4458000865736654,0.7259705145207608,,,random_weights
adversarial,,B6,demographic_parity_gap,5,0.038275590224072474,0.050829112963581786,0.0074383862332605,0.0063003424261363,0.08452262628833049,0.0046125938125392,0.1230463178453609,,,random_weights
adversarial,,B6,equal_opportunity_gap,5,0.028237952624480783,0.025850150983659715,0.0123634008148968,0.010745259906172,0.05109630645971121,0.009204575897766,0.0689532065500205,,,random_weights
adversarial,,B6,equalized_odds_gap,5,0.028269599319442885,0.025867004826719577,0.0123634008148968,0.010745259906172,0.0511912465445975,0.009204575897766,0.0689532065500205,,,random_weights
adversarial,,B6,subgroup_accuracy_gap,5,0.16751642971261588,0.04223352863106778,0.1903346874625079,0.12873858292864876,0.19097650453256723,0.093478963249995,0.1917614446428464,,,random_weights
adversarial,,B6,runtime_ms,5,79.58420839859173,3.5213049577654867,80.95524998498149,76.83581680175848,82.33259999542497,75.66850000876002,82.69304101122543,,,random_weights
adversarial,,B0,accuracy,5,0.7714342629482072,0.025967247425043423,0.7829349269588314,0.7503851261620186,0.7906905710491368,0.7346613545816733,0.7958831341301461,,,sign_flip
adversarial,,B0,macro_f1,5,0.5842530157740728,0.10168453459266245,0.593504571626125,0.5013419217459845,0.6628785037866969,0.4299772899318698,0.7091277918937449,,,sign_flip
adversarial,,B0,demographic_parity_gap,5,0.1267738957455668,0.1854231417285013,0.0590781821091144,0.02555375527877788,0.2950556596175845,0.0,0.4550497068224316,,,sign_flip
adversarial,,B0,equal_opportunity_gap,5,0.11085864629786286,0.12971136770421002,0.073840531322348,0.02977692298464968,0.2304535855518889,0.0,0.3359076137962392,,,sign_flip
adversarial,,B0,equalized_odds_gap,5,0.11615552889952907,0.14122842716442993,0.073840531322348,0.02977692298464968,0.24610352290117712,0.0,0.3623920268045703,,,sign_flip
adversarial,,B0,subgroup_accuracy_gap,5,0.1750759780744729,0.02421537844627988,0.1656800537893895,0.156465168616092,0.19392359548506283,0.1500876661217693,0.2050029034820542,,,sign_flip
adversarial,,B0,runtime_ms,5,79.52514179632999,2.4536040192555713,80.57762499083765,77.6285917905625,81.42169180209748,76.58016699133441,81.73700000043027,,,sign_flip
adversarial,,B6,accuracy,5,0.767636122177955,0.010312771214604641,0.7627490039840638,0.7598804780876494,0.7760690571049137,0.7580345285524568,0.7814741035856574,,,sign_flip
adversarial,,B6,macro_f1,5,0.5252131590722435,0.11443506612738855,0.4673782229816423,0.45465734051345474,0.6283561504109386,0.4458000865736654,0.7201236664471342,,,sign_flip
adversarial,,B6,demographic_parity_gap,5,0.03563186796268668,0.04814455900893078,0.0094564511892962,0.00682736819837332,0.07952918276784147,0.0046125938125392,0.1183353131519081,,,sign_flip
adversarial,,B6,equal_opportunity_gap,5,0.018942210640498842,0.014788926391568103,0.0121589054585979,0.01080443789196126,0.032205847995974056,0.0094547685403886,0.0449769828480948,,,sign_flip
adversarial,,B6,equalized_odds_gap,5,0.02281678856197462,0.016477499877025542,0.0121589054585979,0.01080443789196126,0.036484846901415235,0.0094547685403886,0.0449769828480948,,,sign_flip
adversarial,,B6,subgroup_accuracy_gap,5,0.16319172283050792,0.05297862315364497,0.1886915105931811,0.11503428804792629,0.19053218321650764,0.0690637973910525,0.1917614446428464,,,sign_flip
adversarial,,B6,runtime_ms,5,79.64927499415353,3.3422000579471343,78.64629098912701,77.0875749993138,82.29635859024711,75.97587499185465,83.92879198072478,,,sign_flip
