suite,method,metric,client_count,partition,policy_profile,attack_type,n,mean,ci95_low,ci95_high
mlp,B0,accuracy,,,,,5,0.5513545816733068,0.4683930942895086,0.6406772908366534
mlp,B0,macro_f1,,,,,5,0.4714403389323648,0.41053816780260155,0.5373823171217716
mlp,B0,demographic_parity_gap,,,,,5,0.09583736617017846,0.05409806196960848,0.14198751184776942
mlp,B0,equal_opportunity_gap,,,,,5,0.08278703179560058,0.04005435692208208,0.1255197066691191
mlp,B0,equalized_odds_gap,,,,,5,0.09854627138151603,0.049321017345895876,0.15466956249449654
mlp,B0,subgroup_accuracy_gap,,,,,5,0.08367821038067899,0.042602495604457724,0.12482798004686294
mlp,B0,runtime_ms,,,,,5,106.92588319652714,102.83851638669148,111.2677164026536
mlp,B1,accuracy,,,,,5,0.5513545816733068,0.4683930942895086,0.6406772908366534
mlp,B1,macro_f1,,,,,5,0.4714403389323648,0.41053816780260155,0.5373823171217716
mlp,B1,demographic_parity_gap,,,,,5,0.09583736617017846,0.05409806196960848,0.14198751184776942
mlp,B1,equal_opportunity_gap,,,,,5,0.08278703179560058,0.04005435692208208,0.1255197066691191
mlp,B1,equalized_odds_gap,,,,,5,0.09854627138151603,0.049321017345895876,0.15466956249449654
mlp,B1,subgroup_accuracy_gap,,,,,5,0.08367821038067899,0.042602495604457724,0.12482798004686291
mlp,B1,runtime_ms,,,,,5,105.59801639756188,103.64369140588678,107.29739139205776
scaling,B0,accuracy,3.0,,,,5,0.7720185922974767,0.7718061088977424,0.772191235059761
scaling,B0,macro_f1,3.0,,,,5,0.5124043257702461,0.5111886115932351,0.5135624850733629
scaling,B0,demographic_parity_gap,3.0,,,,5,0.02574760425370094,0.025543669467338097,0.025938267813236937
scaling,B0,equal_opportunity_gap,3.0,,,,5,0.03295436954595744,0.03209080507765392,0.033713401471795315
scaling,B0,equalized_odds_gap,3.0,,,,5,0.03295436954595744,0.03209080507765392,0.033713401471795315
scaling,B0,subgroup_accuracy_gap,3.0,,,,5,0.17886095764137724,0.17856220318894175,0.17919474424113307
scaling,B0,runtime_ms,3.0,,,,5,36.31466659717262,34.96707500307821,38.22116659139283
scaling,B0,accuracy,5.0,,,,5,0.7719123505976095,0.7712483399734396,0.7725099601593626
scaling,B0,macro_f1,5.0,,,,5,0.5119177554098554,0.508530653700606,0.515121900618281
scaling,B0,demographic_parity_gap,5.0,,,,5,0.02551108114342206,0.024379476368660898,0.02645756674663834
scaling,B0,equal_opportunity_gap,5.0,,,,5,0.032318034833898876,0.02997273585654702,0.03466333381125074
scaling,B0,equalized_odds_gap,5.0,,,,5,0.032318034833898876,0.02997273585654702,0.03466333381125074
scaling,B0,subgroup_accuracy_gap,5.0,,,,5,0.17901863971489648,0.17846288903816118,0.17979377885566597
scaling,B0,runtime_ms,5.0,,,,5,40.23700000834651,38.91883339965716,41.21833340614103
scaling,B0,accuracy,10.0,,,,5,0.7712749003984064,0.7710358565737051,0.7715139442231076
scaling,B0,macro_f1,10.0,,,,5,0.5087339733906239,0.5073586607804075,0.5101078611124559
scaling,B0,demographic_parity_gap,10.0,,,,5,0.024643436576965418,0.02399686144311628,0.02529001171081454
scaling,B0,equal_opportunity_gap,10.0,,,,5,0.03173162440714908,0.03056348752549764,0.033113396102364155
scaling,B0,equalized_odds_gap,10.0,,,,5,0.03173162440714908,0.03056348752549764,0.033113396102364155
scaling,B0,subgroup_accuracy_gap,10.0,,,,5,0.17978347640388503,0.17941026928574938,0.18009884055092357
scaling,B0,runtime_ms,10.0,,,,5,51.466658199205995,50.84150819457136,52.09180820384063
scaling,B0,accuracy,20.0,,,,5,0.7716069057104914,0.7711819389110226,0.7720318725099601
scaling,B0,macro_f1,20.0,,,,5,0.5099549348976337,0.5080242264572318,0.5119298933897101
scaling,B0,demographic_parity_gap,20.0,,,,5,0.02483410013650142,0.02421109868126006,0.025457101591742783
scaling,B0,equal_opportunity_gap,20.0,,,,5,0.03163166159331582,0.0302544596267331,0.03300429383126616
scaling,B0,equalized_odds_gap,20.0,,,,5,0.03163166159331582,0.0302544596267331,0.03296796448863876
scaling,B0,subgroup_accuracy_gap,20.0,,,,5,0.17947197567626433,0.178962084550272,0.17998186680225672
scaling,B0,runtime_ms,20.0,,,,5,70.32739180140197,67.58465020102449,74.29946680204011
heterogeneity,B0,accuracy,,iid,,,10,0.7744023904382471,0.7742695883134132,0.7745285524568393
heterogeneity,B0,macro_f1,,iid,,,10,0.5232109916885747,0.5226801022147078,0.5237486876124997
heterogeneity,B0,demographic_parity_gap,,iid,,,10,0.027768190662596635,0.027570444167461274,0.027966581060968325
heterogeneity,B0,equal_opportunity_gap,,iid,,,10,0.02610737377124277,0.02525060677427992,0.02678460755456109
heterogeneity,B0,equalized_odds_gap,,iid,,,10,0.02610737377124277,0.02523015723865003,0.026773240354588057
heterogeneity,B0,subgroup_accuracy_gap,,iid,,,10,0.1778605466465669,0.17765294502183657,0.1780694360777699
heterogeneity,B0,runtime_ms,,iid,,,10,79.4206915947143,76.84943318854494,83.01143478522135
heterogeneity,B0,accuracy,,joint_dirichlet_0.3,,,10,0.7735524568393094,0.773074369189907,0.7743227091633467
heterogeneity,B0,macro_f1,,joint_dirichlet_0.3,,,10,0.5196214762875733,0.5175108491203146,0.5231038100890801
heterogeneity,B0,demographic_parity_gap,,joint_dirichlet_0.3,,,10,0.02717242972433053,0.026448945263430702,0.028411153118163564
heterogeneity,B0,equal_opportunity_gap,,joint_dirichlet_0.3,,,10,0.027970794864310422,0.026475408290972845,0.029550434381267247
heterogeneity,B0,equalized_odds_gap,,joint_dirichlet_0.3,,,10,0.027970794864310422,0.02647312342665666,0.02956163164445677
heterogeneity,B0,subgroup_accuracy_gap,,joint_dirichlet_0.3,,,10,0.1783667709341918,0.17766167673084746,0.17885566399452163
heterogeneity,B0,runtime_ms,,joint_dirichlet_0.3,,,10,76.54921680514235,75.3189055549592,77.78970395957003
heterogeneity,B0,accuracy,,joint_dirichlet_1.0,,,10,0.7738114209827358,0.773585657370518,0.7740373505976097
heterogeneity,B0,macro_f1,,joint_dirichlet_1.0,,,10,0.5208375738935953,0.519958653590986,0.5217350018294553
heterogeneity,B0,demographic_parity_gap,,joint_dirichlet_1.0,,,10,0.027178618015557987,0.026915105129439464,0.02742499625543183
heterogeneity,B0,equal_opportunity_gap,,joint_dirichlet_1.0,,,10,0.026032315978455962,0.024800602747206562,0.02721873034659674
heterogeneity,B0,equalized_odds_gap,,joint_dirichlet_1.0,,,10,0.026032315978455962,0.024791407596374083,0.02721176293847255
heterogeneity,B0,subgroup_accuracy_gap,,joint_dirichlet_1.0,,,10,0.1783751416762638,0.1781675400515335,0.17859923404400252
heterogeneity,B0,runtime_ms,,joint_dirichlet_1.0,,,10,78.27052099746652,76.56732982271933,80.29095878591761
threshold,B3,accuracy,,,lenient,,10,0.7651859229747675,0.761925464807437,0.7683467795484729
threshold,B3,macro_f1,,,lenient,,10,0.47957479377084605,0.4644608506359123,0.49496979271145114
threshold,B3,demographic_parity_gap,,,lenient,,10,0.01447330189627893,0.009159924621999172,0.02011850186544378
threshold,B3,equal_opportunity_gap,,,lenient,,10,0.01776590536891701,0.010442859541964632,0.025977363563611442
threshold,B3,equalized_odds_gap,,,lenient,,10,0.01776590536891701,0.010318161643868451,0.025879457127662774
threshold,B3,subgroup_accuracy_gap,,,lenient,,10,0.18595074750044685,0.1826334381137077,0.1891215982376388
threshold,B3,runtime_ms,,,lenient,,10,71.92225419275928,69.28228371427394,74.93678937331424
threshold,B3,accuracy,,,moderate,,10,0.7465537848605578,0.7117528220451527,0.7666467463479416
threshold,B3,macro_f1,,,moderate,,10,0.4821305573032853,0.45433624916903426,0.5153334584640398
threshold,B3,demographic_parity_gap,,,moderate,,10,0.03125718736928233,0.006208739417796311,0.07411390138744291
threshold,B3,equal_opportunity_gap,,,moderate,,10,0.01188866313160072,0.0075978064731348095,0.016737366556783692
threshold,B3,equalized_odds_gap,,,moderate,,10,0.02546640680913323,0.007688684095230822,0.05574210773046588
threshold,B3,subgroup_accuracy_gap,,,moderate,,10,0.1711903951461651,0.13751930766922243,0.19083563324804187
threshold,B3,runtime_ms,,,moderate,,10,71.70650019834284,69.76322849710414,73.45915439655073
threshold,B3,accuracy,,,strict,,10,0.5006772908366534,0.34760956175298807,0.6538645418326693
threshold,B3,macro_f1,,,strict,,10,0.3165007580205921,0.24440649612130505,0.3887092911230393
threshold,B3,demographic_parity_gap,,,strict,,10,0.0007937581745371,0.00019710259189906998,0.0015048118928967398
threshold,B3,equal_opportunity_gap,,,strict,,10,0.0017658573867663698,0.00057270124085267,0.003154483674930001
threshold,B3,equalized_odds_gap,,,strict,,10,0.0017658573867663698,0.00057270124085267,0.00316350888897897
threshold,B3,subgroup_accuracy_gap,,,strict,,10,0.19558028028084845,0.19486922656248878,0.1961572256042966
threshold,B3,runtime_ms,,,strict,,10,71.12791249819566,69.28237878411892,72.86908098016283
threshold,B3,accuracy,,,submitted,,10,0.7599933598937583,0.7588512616201859,0.7611885790172643
threshold,B3,macro_f1,,,submitted,,10,0.4551151721585905,0.4498433207961688,0.4605046396004042
threshold,B3,demographic_parity_gap,,,submitted,,10,0.00626988239297947,0.004872135911885578,0.007880621683960967
threshold,B3,equal_opportunity_gap,,,submitted,,10,0.00681375099891407,0.0047798190501704444,0.00937953938277812
threshold,B3,equalized_odds_gap,,,submitted,,10,0.00681375099891407,0.004807126034829291,0.009393304262242965
threshold,B3,subgroup_accuracy_gap,,,submitted,,10,0.19108966902190155,0.18998376130198116,0.19206104830535997
threshold,B3,runtime_ms,,,submitted,,10,71.10422920086421,69.14575374852575,73.08372641746246
adversarial,B0,accuracy,,,,label_flip,5,0.7730677290836654,0.7508764940239043,0.7939442231075697
adversarial,B0,macro_f1,,,,label_flip,5,0.5932672606494289,0.5036686953192804,0.6698363481490487
adversarial,B0,demographic_parity_gap,,,,label_flip,5,0.1324006191019291,0.027785271148756063,0.3015925251539997
adversarial,B0,equal_opportunity_gap,,,,label_flip,5,0.11305885639113673,0.03192275330719828,0.2311898830777807
adversarial,B0,equalized_odds_gap,,,,label_flip,5,0.12045354642525355,0.03111870955433148,0.25337395318013106
adversarial,B0,subgroup_accuracy_gap,,,,label_flip,5,0.17398082504304568,0.15242159670711491,0.19750453194543366
adversarial,B0,runtime_ms,,,,label_flip,5,81.32241680868901,79.71089201746508,82.93394159991294
adversarial,B6,accuracy,,,,label_flip,5,0.7670517928286853,0.759003984063745,0.7759760956175298
adversarial,B6,macro_f1,,,,label_flip,5,0.5282245532935538,0.4509603760124949,0.6315429628490317
adversarial,B6,demographic_parity_gap,,,,label_flip,5,0.03602149160445456,0.00578916349367126,0.07493621897732877
adversarial,B6,equal_opportunity_gap,,,,label_flip,5,0.03566387589530974,0.007595460203090121,0.06586315604880692
adversarial,B6,equalized_odds_gap,,,,label_flip,5,0.03566387589530974,0.007595460203090121,0.06546307630704229
adversarial,B6,subgroup_accuracy_gap,,,,label_flip,5,0.1606755335284928,0.1093449235380954,0.19153096740282985
adversarial,B6,runtime_ms,,,,label_flip,5,79.4233335996978,76.93665859987959,81.910008599516
adversarial,B0,accuracy,,,,none,5,0.7751792828685259,0.7727224435590969,0.7776361221779549
adversarial,B0,macro_f1,,,,none,5,0.527004502093376,0.5162136317543097,0.5380235385914853
adversarial,B0,demographic_parity_gap,,,,none,5,0.03000144166123342,0.026262145123312562,0.03383285046274074
adversarial,B0,equal_opportunity_gap,,,,none,5,0.032500252763114926,0.027459385108739482,0.03754112041749036
adversarial,B0,equalized_odds_gap,,,,none,5,0.032500252763114926,0.027459385108739482,0.03754112041749036
adversarial,B0,subgroup_accuracy_gap,,,,none,5,0.17634498497970327,0.17354315939969042,0.17908510416920115
adversarial,B0,runtime_ms,,,,none,5,82.86353340372443,78.78615839290433,87.44971681735478
adversarial,B6,accuracy,,,,none,5,0.7687782204515272,0.7587118193891103,0.7819654714475431
adversarial,B6,macro_f1,,,,none,5,0.5221285284038968,0.4498838696087928,0.6337768075261827
adversarial,B6,demographic_parity_gap,,,,none,5,0.03725526637123472,0.0059177275005916396,0.08749303275636032
adversarial,B6,equal_opportunity_gap,,,,none,5,0.0157253501697368,0.00555404817979134,0.030317750368291495
adversarial,B6,equalized_odds_gap,,,,none,5,0.02518118874241096,0.01099522406236306,0.04002603589137506
adversarial,B6,subgroup_accuracy_gap,,,,none,5,0.1662092900954784,0.12198622043062439,0.19148124443266917
adversarial,B6,runtime_ms,,,,none,5,80.54880860145204,78.61605040961877,82.50152539112605
adversarial,B0,accuracy,,,,random_weights,5,0.6439442231075697,0.5110756972111553,0.7301593625498007
adversarial,B0,macro_f1,,,,random_weights,5,0.5390674631097035,0.44656414814506434,0.6221940297025773
adversarial,B0,demographic_parity_gap,,,,random_weights,5,0.06704631415445138,0.023064966968064798,0.13519446910789973
adversarial,B0,equal_opportunity_gap,,,,random_weights,5,0.07808763711327955,0.021277798944506897,0.13721695529263114
adversarial,B0,equalized_odds_gap,,,,random_weights,5,0.09184259959633945,0.0487877239106267,0.14267915192691172
adversarial,B0,subgroup_accuracy_gap,,,,random_weights,5,0.1064378829657124,0.08380961077132568,0.13235286194227175
adversarial,B0,runtime_ms,,,,random_weights,5,80.98736699903384,78.36831720196642,83.45876699313521
adversarial,B6,accuracy,,,,random_weights,5,0.7724568393094289,0.7592961487383798,0.7902390438247011
adversarial,B6,macro_f1,,,,random_weights,5,0.5276234672740073,0.4521812842502742,0.6352539269009534
adversarial,B6,demographic_parity_gap,,,,random_weights,5,0.038275590224072474,0.0063003424261363,0.08452262628833049
adversarial,B6,equal_opportunity_gap,,,,random_weights,5,0.028237952624480783,0.010745259906172,0.05109630645971121
adversarial,B6,equalized_odds_gap,,,,random_weights,5,0.028269599319442885,0.010745259906172,0.0511912465445975
adversarial,B6,subgroup_accuracy_gap,,,,random_weights,5,0.16751642971261588,0.12873858292864876,0.19097650453256723
adversarial,B6,runtime_ms,,,,random_weights,5,79.58420839859173,76.83581680175848,82.33259999542497
adversarial,B0,accuracy,,,,sign_flip,5,0.7714342629482072,0.7503851261620186,0.7906905710491368
adversarial,B0,macro_f1,,,,sign_flip,5,0.5842530157740728,0.5013419217459845,0.6628785037866969
adversarial,B0,demographic_parity_gap,,,,sign_flip,5,0.1267738957455668,0.02555375527877788,0.2950556596175845
adversarial,B0,equal_opportunity_gap,,,,sign_flip,5,0.11085864629786286,0.02977692298464968,0.2304535855518889
adversarial,B0,equalized_odds_gap,,,,sign_flip,5,0.11615552889952907,0.02977692298464968,0.24610352290117712
adversarial,B0,subgroup_accuracy_gap,,,,sign_flip,5,0.1750759780744729,0.156465168616092,0.19392359548506283
adversarial,B0,runtime_ms,,,,sign_flip,5,79.52514179632999,77.6285917905625,81.42169180209748
adversarial,B6,accuracy,,,,sign_flip,5,0.767636122177955,0.7598804780876494,0.7760690571049137
adversarial,B6,macro_f1,,,,sign_flip,5,0.5252131590722435,0.45465734051345474,0.6283561504109386
adversarial,B6,demographic_parity_gap,,,,sign_flip,5,0.03563186796268668,0.00682736819837332,0.07952918276784147
adversarial,B6,equal_opportunity_gap,,,,sign_flip,5,0.018942210640498842,0.01080443789196126,0.032205847995974056
adversarial,B6,equalized_odds_gap,,,,sign_flip,5,0.02281678856197462,0.01080443789196126,0.036484846901415235
adversarial,B6,subgroup_accuracy_gap,,,,sign_flip,5,0.16319172283050792,0.11503428804792629,0.19053218321650764
adversarial,B6,runtime_ms,,,,sign_flip,5,79.64927499415353,77.0875749993138,82.29635859024711
