suite,method,metric,n,mean,std,ci95_low,ci95_high,minimum,maximum,client_count,partition,policy_profile,attack_type
mlp,B0,accuracy,5,0.5513545816733068,0.1107225679923275,0.4138743552085653,0.6888348081380482,0.4557768924302788,0.6969455511288181,,,,
mlp,B0,macro_f1,5,0.4714403389323648,0.08081789184180187,0.3710916722216737,0.5717890056430559,0.3845382344268267,0.5761408961408961,,,,
mlp,B0,demographic_parity_gap,5,0.09583736617017846,0.057163675920986326,0.024859287774102345,0.16681544456625458,0.0402170327009167,0.1815480561132986,,,,
mlp,B0,equal_opportunity_gap,5,0.08278703179560058,0.054368113636859804,0.015280102442460655,0.1502939611487405,0.0275731713516857,0.150548567361513,,,,
mlp,B0,equalized_odds_gap,5,0.09854627138151603,0.06799643909721421,0.014117540948450288,0.18297500181458176,0.0275731713516857,0.2006711106705915,,,,
mlp,B0,subgroup_accuracy_gap,5,0.08367821038067899,0.053926852426281154,0.01671917918651837,0.1506372415748396,0.0311932804745611,0.1588726325498382,,,,
mlp,B0,runtime_ms,5,106.92588319652714,5.400052784425717,100.22083206570574,113.63093432734854,102.24324997398072,114.35208300827072,,,,
mlp,B1,accuracy,5,0.5513545816733068,0.1107225679923275,0.4138743552085653,0.6888348081380482,0.4557768924302788,0.6969455511288181,,,,
mlp,B1,macro_f1,5,0.4714403389323648,0.08081789184180187,0.3710916722216737,0.5717890056430559,0.3845382344268267,0.5761408961408961,,,,
mlp,B1,demographic_parity_gap,5,0.09583736617017846,0.057163675920986326,0.024859287774102345,0.16681544456625458,0.0402170327009167,0.1815480561132986,,,,
mlp,B1,equal_opportunity_gap,5,0.08278703179560058,0.054368113636859804,0.015280102442460655,0.1502939611487405,0.0275731713516857,0.150548567361513,,,,
mlp,B1,equalized_odds_gap,5,0.09854627138151603,0.06799643909721421,0.014117540948450288,0.18297500181458176,0.0275731713516857,0.2006711106705915,,,,
mlp,B1,subgroup_accuracy_gap,5,0.08367821038067899,0.053926852426281154,0.01671917918651837,0.1506372415748396,0.0311932804745611,0.1588726325498382,,,,
mlp,B1,runtime_ms,5,105.59801639756188,2.367637747442193,102.65820584577465,108.53782694934911,101.96091700345278,107.9248329915572,,,,
scaling,B0,accuracy,5,0.7720185922974767,0.00024215913052867086,0.7717179120232629,0.7723192725716905,0.7716467463479416,0.7722443559096945,3.0,,,
scaling,B0,macro_f1,5,0.5124043257702461,0.001526279182956418,0.5105091998575613,0.5142994516829309,0.5103936744234694,0.5137553974769848,3.0,,,
scaling,B0,demographic_parity_gap,5,0.02574760425370094,0.0002517394093754386,0.025435028492150378,0.0260601800152515,0.0254108488788992,0.0260685127887306,3.0,,,
scaling,B0,equal_opportunity_gap,5,0.03295436954595744,0.0010962510610664018,0.03159319407043862,0.03431554502147627,0.0312272406093504,0.034067898170452,3.0,,,
scaling,B0,equalized_odds_gap,5,0.03295436954595744,0.0010962510610664018,0.03159319407043862,0.03431554502147627,0.0312272406093504,0.034067898170452,3.0,,,
scaling,B0,subgroup_accuracy_gap,5,0.17886095764137724,0.0003998982399840688,0.17836441839384398,0.1793574968889105,0.1783223416108866,0.1794128448986947,3.0,,,
scaling,B0,runtime_ms,5,36.31466659717262,2.10135528668807,33.70548939025689,38.92384380408834,34.42712500691414,39.92141698836349,3.0,,,
scaling,B0,accuracy,5,0.7719123505976095,0.0007898656874747801,0.7709316028100557,0.7728930983851634,0.7707171314741036,0.7729083665338645,5.0,,,
scaling,B0,macro_f1,5,0.5119177554098554,0.004185130794915424,0.5067212291740351,0.5171142816456757,0.5059314950480023,0.5172081513282466,5.0,,,
scaling,B0,demographic_parity_gap,5,0.02551108114342206,0.0013594594363138248,0.0238230893043328,0.02719907298251132,0.0233477106963219,0.0270347086511368,5.0,,,
scaling,B0,equal_opportunity_gap,5,0.032318034833898876,0.0030004554352477536,0.028592477341736935,0.03604359232606082,0.0291817158302825,0.0359769023066276,5.0,,,
scaling,B0,equalized_odds_gap,5,0.032318034833898876,0.0030004554352477536,0.028592477341736935,0.03604359232606082,0.0291817158302825,0.0359769023066276,5.0,,,
scaling,B0,subgroup_accuracy_gap,5,0.17901863971489648,0.0008630797890138745,0.17794698461330066,0.1800902948164923,0.178217351282574,0.1804904701217765,5.0,,,
scaling,B0,runtime_ms,5,40.23700000834651,1.5172274079517973,38.35311335880475,42.12088665788828,37.74274999159388,41.73666701535694,5.0,,,
scaling,B0,accuracy,5,0.7712749003984064,0.0003170607273921356,0.7708812175079592,0.7716685832888536,0.7708499335989376,0.7716467463479416,10.0,,,
scaling,B0,macro_f1,5,0.5087339733906239,0.0018103647528923265,0.5064861086533404,0.5109818381279073,0.5064244474568529,0.5110037594331038,10.0,,,
scaling,B0,demographic_parity_gap,5,0.024643436576965418,0.0008524226056169903,0.023585014116315754,0.02570185903761508,0.023544813288221,0.0257000637343848,10.0,,,
scaling,B0,equal_opportunity_gap,5,0.03173162440714908,0.0016197589613579475,0.029720428019062994,0.03374282079523516,0.0298180505423411,0.034067898170452,10.0,,,
scaling,B0,equalized_odds_gap,5,0.03173162440714908,0.0016197589613579475,0.029720428019062994,0.03374282079523516,0.0298180505423411,0.034067898170452,10.0,,,
scaling,B0,subgroup_accuracy_gap,5,0.17978347640388503,0.0004485366903143636,0.17922654454364823,0.18034040826412184,0.1791107519784829,0.1802933675298774,10.0,,,
scaling,B0,runtime_ms,5,51.466658199205995,0.8063588120388948,50.465431492662944,52.467884905749045,50.46274999040179,52.208582987077534,10.0,,,
scaling,B0,accuracy,5,0.7716069057104914,0.0005365764635016481,0.7709406580334779,0.7722731533875049,0.7710491367861886,0.7722443559096945,20.0,,,
scaling,B0,macro_f1,5,0.5099549348976337,0.0025549617467676873,0.5067825308798845,0.5131273389153829,0.5075749816901338,0.5135955540789185,20.0,,,
scaling,B0,demographic_parity_gap,5,0.02483410013650142,0.000803184206754027,0.023836815223049094,0.025831385049953744,0.0238340281437066,0.025772858900882,20.0,,,
scaling,B0,equal_opportunity_gap,5,0.03163166159331582,0.0017237011422872681,0.029491403941275016,0.03377191924535662,0.0292953878300129,0.034067898170452,20.0,,,
scaling,B0,equalized_odds_gap,5,0.03163166159331582,0.0017237011422872681,0.029491403941275016,0.03377191924535662,0.0292953878300129,0.034067898170452,20.0,,,
scaling,B0,subgroup_accuracy_gap,5,0.17947197567626433,0.0006417960736957832,0.17867508059736775,0.1802688707551609,0.1788215371229974,0.180201255266291,20.0,,,
scaling,B0,runtime_ms,5,70.32739180140197,4.396858774891959,64.86797055543232,75.78681304737162,67.36587500199676,77.81554199755192,20.0,,,
heterogeneity,B0,accuracy,10,0.7744023904382471,0.00021967057593269383,0.7742452475747151,0.7745595333017791,0.7739707835325366,0.7747675962815405,,iid,,
heterogeneity,B0,macro_f1,10,0.5232109916885747,0.0009045349023861566,0.5225639263994613,0.5238580569776881,0.5216270695103296,0.5248642040504005,,iid,,
heterogeneity,B0,demographic_parity_gap,10,0.027768190662596635,0.00034037918254368403,0.027524698063715363,0.028011683261477908,0.0271802989841313,0.0283757926002519,,iid,,
heterogeneity,B0,equal_opportunity_gap,10,0.02610737377124277,0.0013310547147281262,0.025155194588837193,0.02705955295364835,0.0228189399257761,0.0276822736227837,,iid,,
heterogeneity,B0,equalized_odds_gap,10,0.02610737377124277,0.0013310547147281262,0.025155194588837193,0.02705955295364835,0.0228189399257761,0.0276822736227837,,iid,,
heterogeneity,B0,subgroup_accuracy_gap,10,0.1778605466465669,0.0003527729280533678,0.17760818809624443,0.17811290519688935,0.1771976773507597,0.1783931709668804,,iid,,
heterogeneity,B0,runtime_ms,10,79.4206915947143,5.432916955164148,75.53421693127251,83.30716625815609,74.88716699299403,93.3542499842588,,iid,,
heterogeneity,B0,accuracy,10,0.7735524568393094,0.001158609218800209,0.7727236377333194,0.7743812759452994,0.7728419654714476,0.7767596281540504,,joint_dirichlet_0.3,,
heterogeneity,B0,macro_f1,10,0.5196214762875733,0.005226123689395887,0.515882932614907,0.5233600199602395,0.5163711618948659,0.5341647068452626,,joint_dirichlet_0.3,,
heterogeneity,B0,demographic_parity_gap,10,0.02717242972433053,0.001884286039985507,0.02582449269280278,0.02852036675585828,0.0261348689228648,0.0324763128359542,,joint_dirichlet_0.3,,
heterogeneity,B0,equal_opportunity_gap,10,0.027970794864310422,0.0026200495300983226,0.026096524338969394,0.02984506538965145,0.025227758131118,0.0327049766058454,,joint_dirichlet_0.3,,
heterogeneity,B0,equalized_odds_gap,10,0.027970794864310422,0.0026200495300983226,0.026096524338969394,0.02984506538965145,0.025227758131118,0.0327049766058454,,joint_dirichlet_0.3,,
heterogeneity,B0,subgroup_accuracy_gap,10,0.1783667709341918,0.0010808780748043315,0.17759355733886822,0.17913998452951535,0.1754495101531203,0.1792543765009739,,joint_dirichlet_0.3,,
heterogeneity,B0,runtime_ms,10,76.54921680514235,2.11081374052692,75.03923161863865,78.05920199164605,72.94916699174792,80.19675000105053,,joint_dirichlet_0.3,,
heterogeneity,B0,accuracy,10,0.7738114209827358,0.0003823430346469814,0.7735379092524514,0.7740849327130203,0.7731739707835326,0.7744355909694555,,joint_dirichlet_1.0,,
heterogeneity,B0,macro_f1,10,0.5208375738935953,0.0015051020767118625,0.5197608887288286,0.521914259058362,0.5183664264710249,0.5232917734373447,,joint_dirichlet_1.0,,
heterogeneity,B0,demographic_parity_gap,10,0.027178618015557987,0.000430428209047451,0.02687070822369131,0.027486527807424666,0.0264047666812611,0.0277844848245547,,joint_dirichlet_1.0,,
heterogeneity,B0,equal_opportunity_gap,10,0.026032315978455962,0.0020737928095277223,0.024548813970608,0.027515817986303925,0.0229097632823446,0.0292502617597682,,joint_dirichlet_1.0,,
heterogeneity,B0,equalized_odds_gap,10,0.026032315978455962,0.0020737928095277223,0.024548813970608,0.027515817986303925,0.0229097632823446,0.0292502617597682,,joint_dirichlet_1.0,,
heterogeneity,B0,subgroup_accuracy_gap,10,0.1783751416762638,0.0003635642505263097,0.17811506347888575,0.17863521987364187,0.1778810973900435,0.1789716006778515,,joint_dirichlet_1.0,,
heterogeneity,B0,runtime_ms,10,78.27052099746652,3.197288558446251,75.983318546801,80.55772344813204,75.02929199836217,84.5195000001695,,joint_dirichlet_1.0,,
threshold,B3,accuracy,10,0.7651859229747675,0.005477812648200931,0.7612673318672635,0.7691045140822715,0.7565737051792829,0.7730411686586985,,,lenient,
threshold,B3,macro_f1,10,0.47957479377084605,0.02622185683751123,0.4608168073947583,0.49833278014693383,0.4396368592505212,0.5186766089332585,,,lenient,
threshold,B3,demographic_parity_gap,10,0.01447330189627893,0.009310177048967477,0.007813202448490462,0.0211334013440674,0.002746558221861,0.0303319746440132,,,lenient,
threshold,B3,equal_opportunity_gap,10,0.01776590536891701,0.01338099554614034,0.008193717796222813,0.027338092941611207,0.0035912354889695,0.0427720887829727,,,lenient,
threshold,B3,equalized_odds_gap,10,0.01776590536891701,0.01338099554614034,0.008193717796222813,0.027338092941611207,0.0035912354889695,0.0427720887829727,,,lenient,
threshold,B3,subgroup_accuracy_gap,10,0.18595074750044685,0.005452507958842061,0.18205025827722918,0.18985123672366452,0.1776453606039659,0.1936274802335246,,,lenient,
threshold,B3,runtime_ms,10,71.92225419275928,4.797505018970049,68.49032584601014,75.35418253950843,65.71799999801442,82.64433397562243,,,lenient,
threshold,B3,accuracy,10,0.7465537848605578,0.05256204580090965,0.7089531624049307,0.7841544073161849,0.598339973439575,0.7819389110225764,,,moderate,
threshold,B3,macro_f1,10,0.4821305573032853,0.05279088064870922,0.44436623625895805,0.5198948783476125,0.4480245873996351,0.5926428818061831,,,moderate,
threshold,B3,demographic_parity_gap,10,0.03125718736928233,0.06624533741910997,-0.016131872241834877,0.07864624698039954,0.0042847447628752,0.2174893907915137,,,moderate,
threshold,B3,equal_opportunity_gap,10,0.01188866313160072,0.007866120925614888,0.006261579204261754,0.017515747058939688,0.0040002262015673,0.0277062646981037,,,moderate,
threshold,B3,equalized_odds_gap,10,0.02546640680913323,0.04619152419594484,-0.007577019021746963,0.05850983264001342,0.0040002262015673,0.1552302003472763,,,moderate,
threshold,B3,subgroup_accuracy_gap,10,0.1711903951461651,0.052140433557395775,0.13389137592057745,0.20848941437175275,0.0245769841582351,0.1920892936925105,,,moderate,
threshold,B3,runtime_ms,10,71.70650019834284,3.086387097197311,69.49863187386399,73.91436852282169,66.19695900008082,75.59475000016391,,,moderate,
threshold,B3,accuracy,10,0.5006772908366534,0.268787851424066,0.3083980450794308,0.6929565365938759,0.2456839309428951,0.7576361221779548,,,strict,
threshold,B3,macro_f1,10,0.3165007580205921,0.12577275816358452,0.2265283468852936,0.40647316915589055,0.197228144989339,0.4441259006446719,,,strict,
threshold,B3,demographic_parity_gap,10,0.0007937581745371,0.001115150666580865,-3.972555999311785e-06,0.0015914889050735119,0.0,0.0031150072762068,,,strict,
threshold,B3,equal_opportunity_gap,10,0.0017658573867663698,0.002238661883810723,0.0001644151480490717,0.003367299625483668,0.0,0.0061588517642865,,,strict,
threshold,B3,equalized_odds_gap,10,0.0017658573867663698,0.002238661883810723,0.0001644151480490717,0.003367299625483668,0.0,0.0061588517642865,,,strict,
threshold,B3,subgroup_accuracy_gap,10,0.19558028028084845,0.0011151506665809034,0.19478254955031202,0.19637801101138488,0.1932590311791787,0.1963740384553856,,,strict,
threshold,B3,runtime_ms,10,71.12791249819566,3.02068766735156,68.9670427145753,73.28878228181601,65.49416700727306,75.8444580133073,,,strict,
threshold,B3,accuracy,10,0.7599933598937583,0.0019638581169575584,0.7585885004274462,0.7613982193600703,0.7562416998671979,0.7638778220451528,,,submitted,
threshold,B3,macro_f1,10,0.4551151721585905,0.009051252140671658,0.44864029643207926,0.4615900478851017,0.4382266584274308,0.4730672907624917,,,submitted,
threshold,B3,demographic_parity_gap,10,0.00626988239297947,0.002579570674850181,0.004424568696285985,0.008115196089672955,0.0022538017421133,0.0121173361799339,,,submitted,
threshold,B3,equal_opportunity_gap,10,0.00681375099891407,0.00394655044421228,0.003990558883885222,0.009636943113942918,0.0033638914895087,0.0164544503730326,,,submitted,
threshold,B3,equalized_odds_gap,10,0.00681375099891407,0.00394655044421228,0.003990558883885222,0.009636943113942918,0.0033638914895087,0.0164544503730326,,,submitted,
threshold,B3,subgroup_accuracy_gap,10,0.19108966902190155,0.0017670394024040309,0.18982560518226954,0.19235373286153357,0.1870161385620389,0.1941202367132722,,,submitted,
threshold,B3,runtime_ms,10,71.10422920086421,3.331088605053054,68.72131196283932,73.4871464388891,65.94395800493658,76.8831669993233,,,submitted,
adversarial,B0,accuracy,5,0.7730677290836654,0.028394533770906314,0.73781125875455,0.8083241994127808,0.7330013280212483,0.801062416998672,,,,label_flip
adversarial,B0,macro_f1,5,0.5932672606494289,0.10313502179272206,0.4652082171354453,0.7213263041634126,0.4299772899318698,0.7078223513291446,,,,label_flip
adversarial,B0,demographic_parity_gap,5,0.1324006191019291,0.18654352298469476,-0.09922375748626275,0.3640249956901209,0.0,0.4618091462382682,,,,label_flip
adversarial,B0,equal_opportunity_gap,5,0.11305885639113673,0.12810891437265137,-0.04600937043435323,0.2721270832166267,0.0,0.3342259536595243,,,,label_flip
adversarial,B0,equalized_odds_gap,5,0.12045354642525355,0.144131733044307,-0.05850963749457824,0.2994167303450853,0.0,0.3711994038301083,,,,label_flip
adversarial,B0,subgroup_accuracy_gap,5,0.17398082504304568,0.028678410167955578,0.1383718756117745,0.20958977447431687,0.1430048508781285,0.2113938938435449,,,,label_flip
adversarial,B0,runtime_ms,5,81.32241680868901,2.080063822171877,78.73967644673208,83.90515717064595,78.78995902137831,83.20679099415429,,,,label_flip
adversarial,B6,accuracy,5,0.7670517928286853,0.010770428355008263,0.7536785396950385,0.7804250459623321,0.7566401062416999,0.7815405046480743,,,,label_flip
adversarial,B6,macro_f1,5,0.5282245532935538,0.11673664581108285,0.383276862918868,0.6731722436682396,0.4399184762548393,0.7178831756603238,,,,label_flip
adversarial,B6,demographic_parity_gap,5,0.03602149160445456,0.04443615048767995,-0.019153276674862274,0.09119625988377139,0.0025430165975988,0.105297195344054,,,,label_flip
adversarial,B6,equal_opportunity_gap,5,0.03566387589530974,0.03756440632113463,-0.010978495047541031,0.08230624683816051,0.0047953589836009,0.0852934137072437,,,,label_flip
adversarial,B6,equalized_odds_gap,5,0.03566387589530974,0.03756440632113463,-0.010978495047541031,0.08230624683816051,0.0047953589836009,0.0852934137072437,,,,label_flip
adversarial,B6,subgroup_accuracy_gap,5,0.1606755335284928,0.056302361507698066,0.0907669182305307,0.2305841488264549,0.0616139573027162,0.1938310218577867,,,,label_flip
adversarial,B6,runtime_ms,5,79.4233335996978,3.1479198490972067,75.51467485384278,83.33199234555282,76.280167006189,83.12520899926312,,,,label_flip
adversarial,B0,accuracy,5,0.7751792828685259,0.0032480234263774816,0.7711463291146705,0.7792122366223813,0.7724435590969455,0.7788844621513944,,,,none
adversarial,B0,macro_f1,5,0.527004502093376,0.01433576535970404,0.5092042983595348,0.5448047058272172,0.5147233069878864,0.544233451409603,,,,none
adversarial,B0,demographic_parity_gap,5,0.03000144166123342,0.005032274787493033,0.023753047228534822,0.036249836093932016,0.0258585321321054,0.0358676569029205,,,,none
adversarial,B0,equal_opportunity_gap,5,0.032500252763114926,0.006615547208069217,0.024285965966437954,0.0407145395597919,0.0264775789120732,0.0401364977942491,,,,none
adversarial,B0,equalized_odds_gap,5,0.032500252763114926,0.006615547208069217,0.024285965966437954,0.0407145395597919,0.0264775789120732,0.0401364977942491,,,,none
adversarial,B0,subgroup_accuracy_gap,5,0.17634498497970327,0.003651368849846641,0.17181121173468603,0.18087875822472052,0.1719937757625234,0.1797406939483586,,,,none
adversarial,B0,runtime_ms,5,82.86353340372443,5.3315544154333,76.2435342316166,89.48353257583227,76.26949998666532,91.11950002261436,,,,none
adversarial,B6,accuracy,5,0.7687782204515272,0.014983366997297328,0.7501739130791087,0.7873825278239457,0.7572377158034529,0.7930278884462152,,,,none
adversarial,B6,macro_f1,5,0.5221285284038968,0.12106891237025495,0.37180161861206484,0.6724554381957287,0.4424467075740961,0.7309271051045844,,,,none
adversarial,B6,demographic_parity_gap,5,0.03725526637123472,0.055078129706092334,-0.031133264373217395,0.10564379711568683,0.0034299782611447,0.1334320959204798,,,,none
adversarial,B6,equal_opportunity_gap,5,0.0157253501697368,0.01624692972050111,-0.0044478775455561725,0.03589857788502977,0.0007871357569269,0.0432267767818942,,,,none
adversarial,B6,equalized_odds_gap,5,0.02518118874241096,0.0189180807899864,0.001691288910374622,0.048671088574447297,0.0076588651878644,0.0480663286202977,,,,none
adversarial,B6,subgroup_accuracy_gap,5,0.1662092900954784,0.04871197199688092,0.10572538818544146,0.22669319200551535,0.0797084205553089,0.1929440601942409,,,,none
adversarial,B6,runtime_ms,5,80.54880860145204,2.5403260358520483,77.39457721903486,83.70303998386922,77.86108402069658,83.50204199086875,,,,none
adversarial,B0,accuracy,5,0.6439442231075697,0.1487693864712003,0.45922263189141815,0.8286658143237213,0.3855245683930943,0.7479415670650731,,,,random_weights
adversarial,B0,macro_f1,5,0.5390674631097035,0.11001549006933788,0.402465189845863,0.6756697363735441,0.3854425311506215,0.6784780510630831,,,,random_weights
adversarial,B0,demographic_parity_gap,5,0.06704631415445138,0.07623005062306878,-0.027605795285463544,0.16169842359436631,0.0133801888947312,0.2000930309791074,,,,random_weights
adversarial,B0,equal_opportunity_gap,5,0.07808763711327955,0.07560713518980287,-0.01579102065922358,0.1719662948857827,0.00116299593694,0.1858874213078449,,,,random_weights
adversarial,B0,equalized_odds_gap,5,0.09184259959633945,0.061255186354008354,0.015784239997304786,0.16790095919537412,0.0268488844627155,0.1858874213078449,,,,random_weights
adversarial,B0,subgroup_accuracy_gap,5,0.1064378829657124,0.031382758405229874,0.06747104168961189,0.1454047242418129,0.0779192521671706,0.1546964085504653,,,,random_weights
adversarial,B0,runtime_ms,5,80.98736699903384,3.2705065979991175,76.92649670041047,85.04823729765721,76.87683400581591,84.29075000458397,,,,random_weights
adversarial,B6,accuracy,5,0.7724568393094289,0.019933893117334355,0.747705641881593,0.7972080367372647,0.7580345285524568,0.8047144754316069,,,,random_weights
adversarial,B6,macro_f1,5,0.5276234672740073,0.11902452586737455,0.3798349986012157,0.6754119359467989,0.4458000865736654,0.7259705145207608,,,,random_weights
adversarial,B6,demographic_parity_gap,5,0.038275590224072474,0.050829112963581786,-0.024837089403439254,0.1013882698515842,0.0046125938125392,0.1230463178453609,,,,random_weights
adversarial,B6,equal_opportunity_gap,5,0.028237952624480783,0.025850150983659715,-0.0038592492000611017,0.06033515444902267,0.009204575897766,0.0689532065500205,,,,random_weights
adversarial,B6,equalized_odds_gap,5,0.028269599319442885,0.025867004826719577,-0.0038485293152578127,0.060387727954143586,0.009204575897766,0.0689532065500205,,,,random_weights
adversarial,B6,subgroup_accuracy_gap,5,0.16751642971261588,0.04223352863106778,0.11507657769431112,0.21995628173092063,0.093478963249995,0.1917614446428464,,,,random_weights
adversarial,B6,runtime_ms,5,79.58420839859173,3.5213049577654867,75.2119308058379,83.95648599134556,75.66850000876002,82.69304101122543,,,,random_weights
adversarial,B0,accuracy,5,0.7714342629482072,0.025967247425043423,0.7391916666880813,0.803676859208333,0.7346613545816733,0.7958831341301461,,,,sign_flip
adversarial,B0,macro_f1,5,0.5842530157740728,0.10168453459266245,0.45799498999625865,0.710511041551887,0.4299772899318698,0.7091277918937449,,,,sign_flip
adversarial,B0,demographic_parity_gap,5,0.1267738957455668,0.1854231417285013,-0.10345934377254731,0.3570071352636809,0.0,0.4550497068224316,,,,sign_flip
adversarial,B0,equal_opportunity_gap,5,0.11085864629786286,0.12971136770421002,-0.05019928913822515,0.2719165817339509,0.0,0.3359076137962392,,,,sign_flip
adversarial,B0,equalized_odds_gap,5,0.11615552889952907,0.14122842716442993,-0.05920272463348608,0.2915137824325442,0.0,0.3623920268045703,,,,sign_flip
adversarial,B0,subgroup_accuracy_gap,5,0.1750759780744729,0.02421537844627988,0.14500861445484775,0.20514334169409804,0.1500876661217693,0.2050029034820542,,,,sign_flip
adversarial,B0,runtime_ms,5,79.52514179632999,2.4536040192555713,76.4785900197723,82.57169357288768,76.58016699133441,81.73700000043027,,,,sign_flip
adversarial,B6,accuracy,5,0.767636122177955,0.010312771214604641,0.7548311254390683,0.7804411189168416,0.7580345285524568,0.7814741035856574,,,,sign_flip
adversarial,B6,macro_f1,5,0.5252131590722435,0.11443506612738855,0.38312325732979813,0.6673030608146889,0.4458000865736654,0.7201236664471342,,,,sign_flip
adversarial,B6,demographic_parity_gap,5,0.03563186796268668,0.04814455900893078,-0.02414749766809937,0.09541123359347273,0.0046125938125392,0.1183353131519081,,,,sign_flip
adversarial,B6,equal_opportunity_gap,5,0.018942210640498842,0.014788926391568103,0.0005793331680032238,0.03730508811299446,0.0094547685403886,0.0449769828480948,,,,sign_flip
adversarial,B6,equalized_odds_gap,5,0.02281678856197462,0.016477499877025542,0.002357270184265056,0.043276306939684185,0.0094547685403886,0.0449769828480948,,,,sign_flip
adversarial,B6,subgroup_accuracy_gap,5,0.16319172283050792,0.05297862315364497,0.0974100737862226,0.22897337187479325,0.0690637973910525,0.1917614446428464,,,,sign_flip
adversarial,B6,runtime_ms,5,79.64927499415353,3.3422000579471343,75.49938550740603,83.79916448090103,75.97587499185465,83.92879198072478,,,,sign_flip
