client_id,sample_count,label_entropy,group_entropy,label_distribution,group_distribution,joint_distribution,seed,partition,source_file,evidence_type
0,2564,0.8240032552758512,0.9071253626894912,"{""0"": 1902, ""1"": 662}","{""Female"": 827, ""Male"": 1737}","{""0|Female"": 737, ""0|Male"": 1165, ""1|Female"": 90, ""1|Male"": 572}",6001,iid,outputs/major_revision/heterogeneity-10seed-2d2b220/partitions/seed_6001/clients_10/iid/entropy_by_client.csv,measured
1,2564,0.8018733578612346,0.9148785483912224,"{""0"": 1938, ""1"": 626}","{""Female"": 846, ""Male"": 1718}","{""0|Female"": 748, ""0|Male"": 1190, ""1|Female"": 98, ""1|Male"": 528}",6001,iid,outputs/major_revision/heterogeneity-10seed-2d2b220/partitions/seed_6001/clients_10/iid/entropy_by_client.csv,measured
2,2564,0.7795582229878596,0.9152766483090544,"{""0"": 1972, ""1"": 592}","{""Female"": 847, ""Male"": 1717}","{""0|Female"": 755, ""0|Male"": 1217, ""1|Female"": 92, ""1|Male"": 500}",6001,iid,outputs/major_revision/heterogeneity-10seed-2d2b220/partitions/seed_6001/clients_10/iid/entropy_by_client.csv,measured
3,2564,0.8037755794293677,0.9100237532413932,"{""0"": 1935, ""1"": 629}","{""Female"": 834, ""Male"": 1730}","{""0|Female"": 748, ""0|Male"": 1187, ""1|Female"": 86, ""1|Male"": 543}",6001,iid,outputs/major_revision/heterogeneity-10seed-2d2b220/partitions/seed_6001/clients_10/iid/entropy_by_client.csv,measured
4,2564,0.8174014061324145,0.9180356041740556,"{""0"": 1913, ""1"": 651}","{""Female"": 854, ""Male"": 1710}","{""0|Female"": 759, ""0|Male"": 1154, ""1|Female"": 95, ""1|Male"": 556}",6001,iid,outputs/major_revision/heterogeneity-10seed-2d2b220/partitions/seed_6001/clients_10/iid/entropy_by_client.csv,measured
5,2564,0.8174014061324145,0.9144794558577996,"{""0"": 1913, ""1"": 651}","{""Female"": 845, ""Male"": 1719}","{""0|Female"": 761, ""0|Male"": 1152, ""1|Female"": 84, ""1|Male"": 567}",6001,iid,outputs/major_revision/heterogeneity-10seed-2d2b220/partitions/seed_6001/clients_10/iid/entropy_by_client.csv,measured
6,2564,0.8143543201144313,0.8918907331934122,"{""0"": 1918, ""1"": 646}","{""Female"": 792, ""Male"": 1772}","{""0|Female"": 692, ""0|Male"": 1226, ""1|Female"": 100, ""1|Male"": 546}",6001,iid,outputs/major_revision/heterogeneity-10seed-2d2b220/partitions/seed_6001/clients_10/iid/entropy_by_client.csv,measured
7,2563,0.7803910017141505,0.9138103199251916,"{""0"": 1970, ""1"": 593}","{""Female"": 843, ""Male"": 1720}","{""0|Female"": 746, ""0|Male"": 1224, ""1|Female"": 97, ""1|Male"": 496}",6001,iid,outputs/major_revision/heterogeneity-10seed-2d2b220/partitions/seed_6001/clients_10/iid/entropy_by_client.csv,measured
8,2563,0.8436896433785716,0.8911226835122944,"{""0"": 1867, ""1"": 696}","{""Female"": 790, ""Male"": 1773}","{""0|Female"": 698, ""0|Male"": 1169, ""1|Female"": 92, ""1|Male"": 604}",6001,iid,outputs/major_revision/heterogeneity-10seed-2d2b220/partitions/seed_6001/clients_10/iid/entropy_by_client.csv,measured
9,2563,0.8083274825101868,0.9109760648358344,"{""0"": 1927, ""1"": 636}","{""Female"": 836, ""Male"": 1727}","{""0|Female"": 725, ""0|Male"": 1202, ""1|Female"": 111, ""1|Male"": 525}",6001,iid,outputs/major_revision/heterogeneity-10seed-2d2b220/partitions/seed_6001/clients_10/iid/entropy_by_client.csv,measured
0,1770,0.1433396281575998,0.0126908624821952,"{""0"": 1734, ""1"": 36}","{""Female"": 1768, ""Male"": 2}","{""0|Female"": 1732, ""0|Male"": 2, ""1|Female"": 36}",6001,joint_dirichlet_0.3,outputs/major_revision/heterogeneity-10seed-2d2b220/partitions/seed_6001/clients_10/joint_dirichlet_0.3/entropy_by_client.csv,measured
1,245,0.5478460177297599,0.1437261699393817,"{""0"": 31, ""1"": 214}","{""Female"": 5, ""Male"": 240}","{""0|Male"": 31, ""1|Female"": 5, ""1|Male"": 209}",6001,joint_dirichlet_0.3,outputs/major_revision/heterogeneity-10seed-2d2b220/partitions/seed_6001/clients_10/joint_dirichlet_0.3/entropy_by_client.csv,measured
2,1535,0.8382210133380026,0.9880859695849156,"{""0"": 1124, ""1"": 411}","{""Female"": 866, ""Male"": 669}","{""0|Female"": 494, ""0|Male"": 630, ""1|Female"": 372, ""1|Male"": 39}",6001,joint_dirichlet_0.3,outputs/major_revision/heterogeneity-10seed-2d2b220/partitions/seed_6001/clients_10/joint_dirichlet_0.3/entropy_by_client.csv,measured
3,2385,0.2098228697645815,0.4943898963010292,"{""0"": 2306, ""1"": 79}","{""Female"": 2127, ""Male"": 258}","{""0|Female"": 2111, ""0|Male"": 195, ""1|Female"": 16, ""1|Male"": 63}",6001,joint_dirichlet_0.3,outputs/major_revision/heterogeneity-10seed-2d2b220/partitions/seed_6001/clients_10/joint_dirichlet_0.3/entropy_by_client.csv,measured
4,1957,0.3865762598067172,0.3465782333075725,"{""0"": 148, ""1"": 1809}","{""Female"": 127, ""Male"": 1830}","{""0|Female"": 103, ""0|Male"": 45, ""1|Female"": 24, ""1|Male"": 1785}",6001,joint_dirichlet_0.3,outputs/major_revision/heterogeneity-10seed-2d2b220/partitions/seed_6001/clients_10/joint_dirichlet_0.3/entropy_by_client.csv,measured
5,1128,0.1074037700685273,0.0410333160509993,"{""0"": 1112, ""1"": 16}","{""Female"": 5, ""Male"": 1123}","{""0|Female"": 2, ""0|Male"": 1110, ""1|Female"": 3, ""1|Male"": 13}",6001,joint_dirichlet_0.3,outputs/major_revision/heterogeneity-10seed-2d2b220/partitions/seed_6001/clients_10/joint_dirichlet_0.3/entropy_by_client.csv,measured
6,3337,0.6286012990352127,0.7473018562515057,"{""0"": 2811, ""1"": 526}","{""Female"": 2626, ""Male"": 711}","{""0|Female"": 2603, ""0|Male"": 208, ""1|Female"": 23, ""1|Male"": 503}",6001,joint_dirichlet_0.3,outputs/major_revision/heterogeneity-10seed-2d2b220/partitions/seed_6001/clients_10/joint_dirichlet_0.3/entropy_by_client.csv,measured
7,1954,0.9123862448079694,0.8956740508377274,"{""0"": 640, ""1"": 1314}","{""Female"": 610, ""Male"": 1344}","{""0|Female"": 144, ""0|Male"": 496, ""1|Female"": 466, ""1|Male"": 848}",6001,joint_dirichlet_0.3,outputs/major_revision/heterogeneity-10seed-2d2b220/partitions/seed_6001/clients_10/joint_dirichlet_0.3/entropy_by_client.csv,measured
8,112,0.2222848306856879,0.2631887790276082,"{""0"": 108, ""1"": 4}","{""Female"": 5, ""Male"": 107}","{""0|Female"": 5, ""0|Male"": 103, ""1|Male"": 4}",6001,joint_dirichlet_0.3,outputs/major_revision/heterogeneity-10seed-2d2b220/partitions/seed_6001/clients_10/joint_dirichlet_0.3/entropy_by_client.csv,measured
9,11214,0.6711159994071497,0.1159984594505311,"{""0"": 9241, ""1"": 1973}","{""Female"": 175, ""Male"": 11039}","{""0|Female"": 175, ""0|Male"": 9066, ""1|Male"": 1973}",6001,joint_dirichlet_0.3,outputs/major_revision/heterogeneity-10seed-2d2b220/partitions/seed_6001/clients_10/joint_dirichlet_0.3/entropy_by_client.csv,measured
0,2759,0.4300128820258005,0.8746801257131713,"{""0"": 2516, ""1"": 243}","{""Female"": 813, ""Male"": 1946}","{""0|Female"": 583, ""0|Male"": 1933, ""1|Female"": 230, ""1|Male"": 13}",6001,joint_dirichlet_1.0,outputs/major_revision/heterogeneity-10seed-2d2b220/partitions/seed_6001/clients_10/joint_dirichlet_1.0/entropy_by_client.csv,measured
1,1261,0.9882089579443843,0.6552134209790117,"{""0"": 711, ""1"": 550}","{""Female"": 213, ""Male"": 1048}","{""0|Female"": 158, ""0|Male"": 553, ""1|Female"": 55, ""1|Male"": 495}",6001,joint_dirichlet_1.0,outputs/major_revision/heterogeneity-10seed-2d2b220/partitions/seed_6001/clients_10/joint_dirichlet_1.0/entropy_by_client.csv,measured
2,552,0.9992328356904396,0.5333055614125922,"{""0"": 285, ""1"": 267}","{""Female"": 67, ""Male"": 485}","{""0|Female"": 14, ""0|Male"": 271, ""1|Female"": 53, ""1|Male"": 214}",6001,joint_dirichlet_1.0,outputs/major_revision/heterogeneity-10seed-2d2b220/partitions/seed_6001/clients_10/joint_dirichlet_1.0/entropy_by_client.csv,measured
3,5449,0.9727879031052612,0.980450905223048,"{""0"": 3252, ""1"": 2197}","{""Female"": 2277, ""Male"": 3172}","{""0|Female"": 1915, ""0|Male"": 1337, ""1|Female"": 362, ""1|Male"": 1835}",6001,joint_dirichlet_1.0,outputs/major_revision/heterogeneity-10seed-2d2b220/partitions/seed_6001/clients_10/joint_dirichlet_1.0/entropy_by_client.csv,measured
4,4376,0.7514269474363934,0.6670694782188421,"{""0"": 3434, ""1"": 942}","{""Female"": 762, ""Male"": 3614}","{""0|Female"": 756, ""0|Male"": 2678, ""1|Female"": 6, ""1|Male"": 936}",6001,joint_dirichlet_1.0,outputs/major_revision/heterogeneity-10seed-2d2b220/partitions/seed_6001/clients_10/joint_dirichlet_1.0/entropy_by_client.csv,measured
5,1395,0.5160279447474926,0.9797816672751476,"{""0"": 1234, ""1"": 161}","{""Female"": 814, ""Male"": 581}","{""0|Female"": 773, ""0|Male"": 461, ""1|Female"": 41, ""1|Male"": 120}",6001,joint_dirichlet_1.0,outputs/major_revision/heterogeneity-10seed-2d2b220/partitions/seed_6001/clients_10/joint_dirichlet_1.0/entropy_by_client.csv,measured
6,1716,0.3502453554886734,0.9111435237116868,"{""0"": 1603, ""1"": 113}","{""Female"": 1156, ""Male"": 560}","{""0|Female"": 1150, ""0|Male"": 453, ""1|Female"": 6, ""1|Male"": 107}",6001,joint_dirichlet_1.0,outputs/major_revision/heterogeneity-10seed-2d2b220/partitions/seed_6001/clients_10/joint_dirichlet_1.0/entropy_by_client.csv,measured
7,1430,0.9548196768885362,0.999316959634874,"{""0"": 893, ""1"": 537}","{""Female"": 693, ""Male"": 737}","{""0|Female"": 591, ""0|Male"": 302, ""1|Female"": 102, ""1|Male"": 435}",6001,joint_dirichlet_1.0,outputs/major_revision/heterogeneity-10seed-2d2b220/partitions/seed_6001/clients_10/joint_dirichlet_1.0/entropy_by_client.csv,measured
8,3364,0.5473080571763932,0.9822912625958146,"{""0"": 2939, ""1"": 425}","{""Female"": 1419, ""Male"": 1945}","{""0|Female"": 1404, ""0|Male"": 1535, ""1|Female"": 15, ""1|Male"": 410}",6001,joint_dirichlet_1.0,outputs/major_revision/heterogeneity-10seed-2d2b220/partitions/seed_6001/clients_10/joint_dirichlet_1.0/entropy_by_client.csv,measured
9,3335,0.860787997067775,0.1943166655970293,"{""0"": 2388, ""1"": 947}","{""Female"": 100, ""Male"": 3235}","{""0|Female"": 25, ""0|Male"": 2363, ""1|Female"": 75, ""1|Male"": 872}",6001,joint_dirichlet_1.0,outputs/major_revision/heterogeneity-10seed-2d2b220/partitions/seed_6001/clients_10/joint_dirichlet_1.0/entropy_by_client.csv,measured
0,2564,0.7922010064704774,0.9112509094006872,"{""0"": 1953, ""1"": 611}","{""Female"": 837, ""Male"": 1727}","{""0|Female"": 748, ""0|Male"": 1205, ""1|Female"": 89, ""1|Male"": 522}",6002,iid,outputs/major_revision/heterogeneity-10seed-2d2b220/partitions/seed_6002/clients_10/iid/entropy_by_client.csv,measured
1,2564,0.7895759568356465,0.9075424263640386,"{""0"": 1957, ""1"": 607}","{""Female"": 828, ""Male"": 1736}","{""0|Female"": 740, ""0|Male"": 1217, ""1|Female"": 88, ""1|Male"": 519}",6002,iid,outputs/major_revision/heterogeneity-10seed-2d2b220/partitions/seed_6002/clients_10/iid/entropy_by_client.csv,measured
2,2564,0.8087961077579308,0.92074615168846,"{""0"": 1927, ""1"": 637}","{""Female"": 861, ""Male"": 1703}","{""0|Female"": 762, ""0|Male"": 1165, ""1|Female"": 99, ""1|Male"": 538}",6002,iid,outputs/major_revision/heterogeneity-10seed-2d2b220/partitions/seed_6002/clients_10/iid/entropy_by_client.csv,measured
3,2564,0.8056671329063219,0.9195904033256002,"{""0"": 1932, ""1"": 632}","{""Female"": 858, ""Male"": 1706}","{""0|Female"": 767, ""0|Male"": 1165, ""1|Female"": 91, ""1|Male"": 541}",6002,iid,outputs/major_revision/heterogeneity-10seed-2d2b220/partitions/seed_6002/clients_10/iid/entropy_by_client.csv,measured
4,2564,0.8228132756590831,0.8863790387472434,"{""0"": 1904, ""1"": 660}","{""Female"": 780, ""Male"": 1784}","{""0|Female"": 683, ""0|Male"": 1221, ""1|Female"": 97, ""1|Male"": 563}",6002,iid,outputs/major_revision/heterogeneity-10seed-2d2b220/partitions/seed_6002/clients_10/iid/entropy_by_client.csv,measured
5,2564,0.8056671329063219,0.8976947220283461,"{""0"": 1932, ""1"": 632}","{""Female"": 805, ""Male"": 1759}","{""0|Female"": 729, ""0|Male"": 1203, ""1|Female"": 76, ""1|Male"": 556}",6002,iid,outputs/major_revision/heterogeneity-10seed-2d2b220/partitions/seed_6002/clients_10/iid/entropy_by_client.csv,measured
6,2564,0.8143543201144313,0.9267609548928618,"{""0"": 1918, ""1"": 646}","{""Female"": 877, ""Male"": 1687}","{""0|Female"": 756, ""0|Male"": 1162, ""1|Female"": 121, ""1|Male"": 525}",6002,iid,outputs/major_revision/heterogeneity-10seed-2d2b220/partitions/seed_6002/clients_10/iid/entropy_by_client.csv,measured
7,2563,0.8058221363810684,0.9158049259182678,"{""0"": 1931, ""1"": 632}","{""Female"": 848, ""Male"": 1715}","{""0|Female"": 765, ""0|Male"": 1166, ""1|Female"": 83, ""1|Male"": 549}",6002,iid,outputs/major_revision/heterogeneity-10seed-2d2b220/partitions/seed_6002/clients_10/iid/entropy_by_client.csv,measured
8,2563,0.8120502113703928,0.8874493398595319,"{""0"": 1921, ""1"": 642}","{""Female"": 782, ""Male"": 1781}","{""0|Female"": 688, ""0|Male"": 1233, ""1|Female"": 94, ""1|Male"": 548}",6002,iid,outputs/major_revision/heterogeneity-10seed-2d2b220/partitions/seed_6002/clients_10/iid/entropy_by_client.csv,measured
9,2563,0.8363748888146634,0.9117908390840868,"{""0"": 1880, ""1"": 683}","{""Female"": 838, ""Male"": 1725}","{""0|Female"": 731, ""0|Male"": 1149, ""1|Female"": 107, ""1|Male"": 576}",6002,iid,outputs/major_revision/heterogeneity-10seed-2d2b220/partitions/seed_6002/clients_10/iid/entropy_by_client.csv,measured
0,191,0.93933062195329,0.9300306737927184,"{""0"": 123, ""1"": 68}","{""Female"": 125, ""Male"": 66}","{""0|Female"": 122, ""0|Male"": 1, ""1|Female"": 3, ""1|Male"": 65}",6002,joint_dirichlet_0.3,outputs/major_revision/heterogeneity-10seed-2d2b220/partitions/seed_6002/clients_10/joint_dirichlet_0.3/entropy_by_client.csv,measured
1,6929,0.3000639321700022,0.4361758967861014,"{""0"": 6560, ""1"": 369}","{""Female"": 623, ""Male"": 6306}","{""0|Female"": 512, ""0|Male"": 6048, ""1|Female"": 111, ""1|Male"": 258}",6002,joint_dirichlet_0.3,outputs/major_revision/heterogeneity-10seed-2d2b220/partitions/seed_6002/clients_10/joint_dirichlet_0.3/entropy_by_client.csv,measured
2,1319,0.6676146690544879,0.2929627901260984,"{""0"": 230, ""1"": 1089}","{""Female"": 68, ""Male"": 1251}","{""0|Female"": 68, ""0|Male"": 162, ""1|Male"": 1089}",6002,joint_dirichlet_0.3,outputs/major_revision/heterogeneity-10seed-2d2b220/partitions/seed_6002/clients_10/joint_dirichlet_0.3/entropy_by_client.csv,measured
3,3170,0.0505302212562776,0.995066852298596,"{""0"": 3152, ""1"": 18}","{""Female"": 1454, ""Male"": 1716}","{""0|Female"": 1440, ""0|Male"": 1712, ""1|Female"": 14, ""1|Male"": 4}",6002,joint_dirichlet_0.3,outputs/major_revision/heterogeneity-10seed-2d2b220/partitions/seed_6002/clients_10/joint_dirichlet_0.3/entropy_by_client.csv,measured
4,1093,0.4383908286720933,0.6323799597686097,"{""0"": 994, ""1"": 99}","{""Female"": 174, ""Male"": 919}","{""0|Female"": 148, ""0|Male"": 846, ""1|Female"": 26, ""1|Male"": 73}",6002,joint_dirichlet_0.3,outputs/major_revision/heterogeneity-10seed-2d2b220/partitions/seed_6002/clients_10/joint_dirichlet_0.3/entropy_by_client.csv,measured
5,4520,0.9464368259003936,0.9862080787131956,"{""0"": 1648, ""1"": 2872}","{""Female"": 1948, ""Male"": 2572}","{""0|Female"": 1593, ""0|Male"": 55, ""1|Female"": 355, ""1|Male"": 2517}",6002,joint_dirichlet_0.3,outputs/major_revision/heterogeneity-10seed-2d2b220/partitions/seed_6002/clients_10/joint_dirichlet_0.3/entropy_by_client.csv,measured
6,3045,0.1596794095395977,0.1110200282339032,"{""0"": 2974, ""1"": 71}","{""Female"": 45, ""Male"": 3000}","{""0|Female"": 32, ""0|Male"": 2942, ""1|Female"": 13, ""1|Male"": 58}",6002,joint_dirichlet_0.3,outputs/major_revision/heterogeneity-10seed-2d2b220/partitions/seed_6002/clients_10/joint_dirichlet_0.3/entropy_by_client.csv,measured
7,1461,0.5188025637788628,0.8066348817223943,"{""0"": 170, ""1"": 1291}","{""Female"": 361, ""Male"": 1100}","{""0|Female"": 170, ""1|Female"": 191, ""1|Male"": 1100}",6002,joint_dirichlet_0.3,outputs/major_revision/heterogeneity-10seed-2d2b220/partitions/seed_6002/clients_10/joint_dirichlet_0.3/entropy_by_client.csv,measured
8,190,0.8937800656269762,0.3190304928819363,"{""0"": 131, ""1"": 59}","{""Female"": 179, ""Male"": 11}","{""0|Female"": 126, ""0|Male"": 5, ""1|Female"": 53, ""1|Male"": 6}",6002,joint_dirichlet_0.3,outputs/major_revision/heterogeneity-10seed-2d2b220/partitions/seed_6002/clients_10/joint_dirichlet_0.3/entropy_by_client.csv,measured
9,3719,0.5291444104926097,0.4775457795479769,"{""0"": 3273, ""1"": 446}","{""Female"": 3337, ""Male"": 382}","{""0|Female"": 3158, ""0|Male"": 115, ""1|Female"": 179, ""1|Male"": 267}",6002,joint_dirichlet_0.3,outputs/major_revision/heterogeneity-10seed-2d2b220/partitions/seed_6002/clients_10/joint_dirichlet_0.3/entropy_by_client.csv,measured
0,3455,0.0638996715326517,0.6399573010341322,"{""0"": 3429, ""1"": 26}","{""Female"": 561, ""Male"": 2894}","{""0|Female"": 554, ""0|Male"": 2875, ""1|Female"": 7, ""1|Male"": 19}",6002,joint_dirichlet_1.0,outputs/major_revision/heterogeneity-10seed-2d2b220/partitions/seed_6002/clients_10/joint_dirichlet_1.0/entropy_by_client.csv,measured
1,2133,0.9994848137721576,0.6892814382128498,"{""0"": 1095, ""1"": 1038}","{""Female"": 393, ""Male"": 1740}","{""0|Female"": 223, ""0|Male"": 872, ""1|Female"": 170, ""1|Male"": 868}",6002,joint_dirichlet_1.0,outputs/major_revision/heterogeneity-10seed-2d2b220/partitions/seed_6002/clients_10/joint_dirichlet_1.0/entropy_by_client.csv,measured
2,2178,0.990627088794418,0.6348804173543857,"{""0"": 1213, ""1"": 965}","{""Female"": 349, ""Male"": 1829}","{""0|Female"": 238, ""0|Male"": 975, ""1|Female"": 111, ""1|Male"": 854}",6002,joint_dirichlet_1.0,outputs/major_revision/heterogeneity-10seed-2d2b220/partitions/seed_6002/clients_10/joint_dirichlet_1.0/entropy_by_client.csv,measured
3,2171,0.9349493930332976,0.9618586822020286,"{""0"": 1409, ""1"": 762}","{""Female"": 837, ""Male"": 1334}","{""0|Female"": 826, ""0|Male"": 583, ""1|Female"": 11, ""1|Male"": 751}",6002,joint_dirichlet_1.0,outputs/major_revision/heterogeneity-10seed-2d2b220/partitions/seed_6002/clients_10/joint_dirichlet_1.0/entropy_by_client.csv,measured
4,968,0.0962927636813615,0.5377358353012732,"{""0"": 956, ""1"": 12}","{""Female"": 119, ""Male"": 849}","{""0|Female"": 109, ""0|Male"": 847, ""1|Female"": 10, ""1|Male"": 2}",6002,joint_dirichlet_1.0,outputs/major_revision/heterogeneity-10seed-2d2b220/partitions/seed_6002/clients_10/joint_dirichlet_1.0/entropy_by_client.csv,measured
5,4099,0.1345636249851977,0.9187019007406814,"{""0"": 4022, ""1"": 77}","{""Female"": 2731, ""Male"": 1368}","{""0|Female"": 2670, ""0|Male"": 1352, ""1|Female"": 61, ""1|Male"": 16}",6002,joint_dirichlet_1.0,outputs/major_revision/heterogeneity-10seed-2d2b220/partitions/seed_6002/clients_10/joint_dirichlet_1.0/entropy_by_client.csv,measured
6,831,0.7262391290068339,0.9974905034754892,"{""0"": 663, ""1"": 168}","{""Female"": 391, ""Male"": 440}","{""0|Female"": 376, ""0|Male"": 287, ""1|Female"": 15, ""1|Male"": 153}",6002,joint_dirichlet_1.0,outputs/major_revision/heterogeneity-10seed-2d2b220/partitions/seed_6002/clients_10/joint_dirichlet_1.0/entropy_by_client.csv,measured
7,2237,0.8174190290453339,0.536463327050501,"{""0"": 1669, ""1"": 568}","{""Female"": 274, ""Male"": 1963}","{""0|Female"": 221, ""0|Male"": 1448, ""1|Female"": 53, ""1|Male"": 515}",6002,joint_dirichlet_1.0,outputs/major_revision/heterogeneity-10seed-2d2b220/partitions/seed_6002/clients_10/joint_dirichlet_1.0/entropy_by_client.csv,measured
8,3764,0.6751001212105578,0.996285110545242,"{""0"": 3095, ""1"": 669}","{""Female"": 1747, ""Male"": 2017}","{""0|Female"": 1423, ""0|Male"": 1672, ""1|Female"": 324, ""1|Male"": 345}",6002,joint_dirichlet_1.0,outputs/major_revision/heterogeneity-10seed-2d2b220/partitions/seed_6002/clients_10/joint_dirichlet_1.0/entropy_by_client.csv,measured
9,3801,0.9922747894122464,0.7949352618794825,"{""0"": 1704, ""1"": 2097}","{""Female"": 912, ""Male"": 2889}","{""0|Female"": 729, ""0|Male"": 975, ""1|Female"": 183, ""1|Male"": 1914}",6002,joint_dirichlet_1.0,outputs/major_revision/heterogeneity-10seed-2d2b220/partitions/seed_6002/clients_10/joint_dirichlet_1.0/entropy_by_client.csv,measured
0,2564,0.8180073432576436,0.902042078280013,"{""0"": 1912, ""1"": 652}","{""Female"": 815, ""Male"": 1749}","{""0|Female"": 716, ""0|Male"": 1196, ""1|Female"": 99, ""1|Male"": 553}",6003,iid,outputs/major_revision/heterogeneity-10seed-2d2b220/partitions/seed_6003/clients_10/iid/entropy_by_client.csv,measured
1,2564,0.797393159150842,0.91043380438228,"{""0"": 1945, ""1"": 619}","{""Female"": 835, ""Male"": 1729}","{""0|Female"": 738, ""0|Male"": 1207, ""1|Female"": 97, ""1|Male"": 522}",6003,iid,outputs/major_revision/heterogeneity-10seed-2d2b220/partitions/seed_6003/clients_10/iid/entropy_by_client.csv,measured
2,2564,0.8396229961114703,0.9112509094006872,"{""0"": 1875, ""1"": 689}","{""Female"": 837, ""Male"": 1727}","{""0|Female"": 733, ""0|Male"": 1142, ""1|Female"": 104, ""1|Male"": 585}",6003,iid,outputs/major_revision/heterogeneity-10seed-2d2b220/partitions/seed_6003/clients_10/iid/entropy_by_client.csv,measured
3,2564,0.8118956995595886,0.9203618869027642,"{""0"": 1922, ""1"": 642}","{""Female"": 860, ""Male"": 1704}","{""0|Female"": 765, ""0|Male"": 1157, ""1|Female"": 95, ""1|Male"": 547}",6003,iid,outputs/major_revision/heterogeneity-10seed-2d2b220/partitions/seed_6003/clients_10/iid/entropy_by_client.csv,measured
4,2564,0.8069222587215535,0.9148785483912224,"{""0"": 1930, ""1"": 634}","{""Female"": 846, ""Male"": 1718}","{""0|Female"": 738, ""0|Male"": 1192, ""1|Female"": 108, ""1|Male"": 526}",6003,iid,outputs/major_revision/heterogeneity-10seed-2d2b220/partitions/seed_6003/clients_10/iid/entropy_by_client.csv,measured
5,2564,0.7835984111912652,0.9046018676754312,"{""0"": 1966, ""1"": 598}","{""Female"": 821, ""Male"": 1743}","{""0|Female"": 735, ""0|Male"": 1231, ""1|Female"": 86, ""1|Male"": 512}",6003,iid,outputs/major_revision/heterogeneity-10seed-2d2b220/partitions/seed_6003/clients_10/iid/entropy_by_client.csv,measured
6,2564,0.8234088389291747,0.9058681432334956,"{""0"": 1903, ""1"": 661}","{""Female"": 824, ""Male"": 1740}","{""0|Female"": 729, ""0|Male"": 1174, ""1|Female"": 95, ""1|Male"": 566}",6003,iid,outputs/major_revision/heterogeneity-10seed-2d2b220/partitions/seed_6003/clients_10/iid/entropy_by_client.csv,measured
7,2563,0.8032978756402229,0.9105671791381422,"{""0"": 1935, ""1"": 628}","{""Female"": 835, ""Male"": 1728}","{""0|Female"": 747, ""0|Male"": 1188, ""1|Female"": 88, ""1|Male"": 540}",6003,iid,outputs/major_revision/heterogeneity-10seed-2d2b220/partitions/seed_6003/clients_10/iid/entropy_by_client.csv,measured
8,2563,0.8163401867571671,0.8929346118827093,"{""0"": 1914, ""1"": 649}","{""Female"": 794, ""Male"": 1769}","{""0|Female"": 713, ""0|Male"": 1201, ""1|Female"": 81, ""1|Male"": 568}",6003,iid,outputs/major_revision/heterogeneity-10seed-2d2b220/partitions/seed_6003/clients_10/iid/entropy_by_client.csv,measured
9,2563,0.7917024302539046,0.915407991109138,"{""0"": 1953, ""1"": 610}","{""Female"": 847, ""Male"": 1716}","{""0|Female"": 755, ""0|Male"": 1198, ""1|Female"": 92, ""1|Male"": 518}",6003,iid,outputs/major_revision/heterogeneity-10seed-2d2b220/partitions/seed_6003/clients_10/iid/entropy_by_client.csv,measured
0,4765,0.0756711575426363,0.5449620653815671,"{""0"": 4721, ""1"": 44}","{""Female"": 598, ""Male"": 4167}","{""0|Female"": 556, ""0|Male"": 4165, ""1|Female"": 42, ""1|Male"": 2}",6003,joint_dirichlet_0.3,outputs/major_revision/heterogeneity-10seed-2d2b220/partitions/seed_6003/clients_10/joint_dirichlet_0.3/entropy_by_client.csv,measured
1,1416,0.9898220559635812,0.9907703353686144,"{""0"": 624, ""1"": 792}","{""Female"": 628, ""Male"": 788}","{""0|Female"": 623, ""0|Male"": 1, ""1|Female"": 5, ""1|Male"": 787}",6003,joint_dirichlet_0.3,outputs/major_revision/heterogeneity-10seed-2d2b220/partitions/seed_6003/clients_10/joint_dirichlet_0.3/entropy_by_client.csv,measured
2,4149,0.1974407443541304,0.9223388211113784,"{""0"": 4022, ""1"": 127}","{""Female"": 1400, ""Male"": 2749}","{""0|Female"": 1391, ""0|Male"": 2631, ""1|Female"": 9, ""1|Male"": 118}",6003,joint_dirichlet_0.3,outputs/major_revision/heterogeneity-10seed-2d2b220/partitions/seed_6003/clients_10/joint_dirichlet_0.3/entropy_by_client.csv,measured
3,5825,0.934565356224325,0.9225836389826,"{""0"": 3783, ""1"": 2042}","{""Female"": 1967, ""Male"": 3858}","{""0|Female"": 1967, ""0|Male"": 1816, ""1|Male"": 2042}",6003,joint_dirichlet_0.3,outputs/major_revision/heterogeneity-10seed-2d2b220/partitions/seed_6003/clients_10/joint_dirichlet_0.3/entropy_by_client.csv,measured
4,2467,0.1541354274963691,0.1799352581230721,"{""0"": 2412, ""1"": 55}","{""Female"": 2400, ""Male"": 67}","{""0|Female"": 2395, ""0|Male"": 17, ""1|Female"": 5, ""1|Male"": 50}",6003,joint_dirichlet_0.3,outputs/major_revision/heterogeneity-10seed-2d2b220/partitions/seed_6003/clients_10/joint_dirichlet_0.3/entropy_by_client.csv,measured
5,487,0.8279215557194101,0.8340318343406509,"{""0"": 127, ""1"": 360}","{""Female"": 358, ""Male"": 129}","{""0|Female"": 127, ""1|Female"": 231, ""1|Male"": 129}",6003,joint_dirichlet_0.3,outputs/major_revision/heterogeneity-10seed-2d2b220/partitions/seed_6003/clients_10/joint_dirichlet_0.3/entropy_by_client.csv,measured
6,1741,0.8906982989194863,0.7363907886248507,"{""0"": 1205, ""1"": 536}","{""Female"": 361, ""Male"": 1380}","{""0|Male"": 1205, ""1|Female"": 361, ""1|Male"": 175}",6003,joint_dirichlet_0.3,outputs/major_revision/heterogeneity-10seed-2d2b220/partitions/seed_6003/clients_10/joint_dirichlet_0.3/entropy_by_client.csv,measured
7,3138,0.8846152316374702,0.5653034777689898,"{""0"": 950, ""1"": 2188}","{""Female"": 417, ""Male"": 2721}","{""0|Female"": 127, ""0|Male"": 823, ""1|Female"": 290, ""1|Male"": 1898}",6003,joint_dirichlet_0.3,outputs/major_revision/heterogeneity-10seed-2d2b220/partitions/seed_6003/clients_10/joint_dirichlet_0.3/entropy_by_client.csv,measured
8,1528,0.6208659367308106,0.3308646753027487,"{""0"": 1292, ""1"": 236}","{""Female"": 93, ""Male"": 1435}","{""0|Female"": 93, ""0|Male"": 1199, ""1|Male"": 236}",6003,joint_dirichlet_0.3,outputs/major_revision/heterogeneity-10seed-2d2b220/partitions/seed_6003/clients_10/joint_dirichlet_0.3/entropy_by_client.csv,measured
9,121,0.1214804783188483,0.7944901065643071,"{""0"": 119, ""1"": 2}","{""Female"": 92, ""Male"": 29}","{""0|Female"": 90, ""0|Male"": 29, ""1|Female"": 2}",6003,joint_dirichlet_0.3,outputs/major_revision/heterogeneity-10seed-2d2b220/partitions/seed_6003/clients_10/joint_dirichlet_0.3/entropy_by_client.csv,measured
0,4976,0.2848583356610742,0.7631942762268481,"{""0"": 4729, ""1"": 247}","{""Female"": 1103, ""Male"": 3873}","{""0|Female"": 1065, ""0|Male"": 3664, ""1|Female"": 38, ""1|Male"": 209}",6003,joint_dirichlet_1.0,outputs/major_revision/heterogeneity-10seed-2d2b220/partitions/seed_6003/clients_10/joint_dirichlet_1.0/entropy_by_client.csv,measured
1,1733,0.7269770236013272,0.7873573856274984,"{""0"": 1382, ""1"": 351}","{""Female"": 408, ""Male"": 1325}","{""0|Female"": 357, ""0|Male"": 1025, ""1|Female"": 51, ""1|Male"": 300}",6003,joint_dirichlet_1.0,outputs/major_revision/heterogeneity-10seed-2d2b220/partitions/seed_6003/clients_10/joint_dirichlet_1.0/entropy_by_client.csv,measured
2,1972,0.9422952516078836,0.9922666387194964,"{""0"": 709, ""1"": 1263}","{""Female"": 884, ""Male"": 1088}","{""0|Female"": 490, ""0|Male"": 219, ""1|Female"": 394, ""1|Male"": 869}",6003,joint_dirichlet_1.0,outputs/major_revision/heterogeneity-10seed-2d2b220/partitions/seed_6003/clients_10/joint_dirichlet_1.0/entropy_by_client.csv,measured
3,2685,0.8198695459353225,0.8943094563202314,"{""0"": 1999, ""1"": 686}","{""Female"": 835, ""Male"": 1850}","{""0|Female"": 790, ""0|Male"": 1209, ""1|Female"": 45, ""1|Male"": 641}",6003,joint_dirichlet_1.0,outputs/major_revision/heterogeneity-10seed-2d2b220/partitions/seed_6003/clients_10/joint_dirichlet_1.0/entropy_by_client.csv,measured
4,1116,0.7459802158077363,0.8371633619689057,"{""0"": 879, ""1"": 237}","{""Female"": 818, ""Male"": 298}","{""0|Female"": 733, ""0|Male"": 146, ""1|Female"": 85, ""1|Male"": 152}",6003,joint_dirichlet_1.0,outputs/major_revision/heterogeneity-10seed-2d2b220/partitions/seed_6003/clients_10/joint_dirichlet_1.0/entropy_by_client.csv,measured
5,2928,0.594942450942849,0.2829047929798921,"{""0"": 2506, ""1"": 422}","{""Female"": 144, ""Male"": 2784}","{""0|Female"": 40, ""0|Male"": 2466, ""1|Female"": 104, ""1|Male"": 318}",6003,joint_dirichlet_1.0,outputs/major_revision/heterogeneity-10seed-2d2b220/partitions/seed_6003/clients_10/joint_dirichlet_1.0/entropy_by_client.csv,measured
6,985,0.1431472093409471,0.7926686742623099,"{""0"": 965, ""1"": 20}","{""Female"": 750, ""Male"": 235}","{""0|Female"": 743, ""0|Male"": 222, ""1|Female"": 7, ""1|Male"": 13}",6003,joint_dirichlet_1.0,outputs/major_revision/heterogeneity-10seed-2d2b220/partitions/seed_6003/clients_10/joint_dirichlet_1.0/entropy_by_client.csv,measured
7,2973,0.996700271765158,0.6174059376215225,"{""0"": 1386, ""1"": 1587}","{""Female"": 455, ""Male"": 2518}","{""0|Female"": 389, ""0|Male"": 997, ""1|Female"": 66, ""1|Male"": 1521}",6003,joint_dirichlet_1.0,outputs/major_revision/heterogeneity-10seed-2d2b220/partitions/seed_6003/clients_10/joint_dirichlet_1.0/entropy_by_client.csv,measured
8,3940,0.6832868421598569,0.9972769461693304,"{""0"": 3225, ""1"": 715}","{""Female"": 2091, ""Male"": 1849}","{""0|Female"": 2068, ""0|Male"": 1157, ""1|Female"": 23, ""1|Male"": 692}",6003,joint_dirichlet_1.0,outputs/major_revision/heterogeneity-10seed-2d2b220/partitions/seed_6003/clients_10/joint_dirichlet_1.0/entropy_by_client.csv,measured
9,2329,0.9480895281428826,0.9381599507678616,"{""0"": 1475, ""1"": 854}","{""Female"": 826, ""Male"": 1503}","{""0|Female"": 694, ""0|Male"": 781, ""1|Female"": 132, ""1|Male"": 722}",6003,joint_dirichlet_1.0,outputs/major_revision/heterogeneity-10seed-2d2b220/partitions/seed_6003/clients_10/joint_dirichlet_1.0/entropy_by_client.csv,measured
0,2564,0.81065937895046,0.9168591336832322,"{""0"": 1924, ""1"": 640}","{""Female"": 851, ""Male"": 1713}","{""0|Female"": 758, ""0|Male"": 1166, ""1|Female"": 93, ""1|Male"": 547}",6004,iid,outputs/major_revision/heterogeneity-10seed-2d2b220/partitions/seed_6004/clients_10/iid/entropy_by_client.csv,measured
1,2564,0.8413078911644716,0.9016119081818514,"{""0"": 1872, ""1"": 692}","{""Female"": 814, ""Male"": 1750}","{""0|Female"": 724, ""0|Male"": 1148, ""1|Female"": 90, ""1|Male"": 602}",6004,iid,outputs/major_revision/heterogeneity-10seed-2d2b220/partitions/seed_6004/clients_10/iid/entropy_by_client.csv,measured
2,2564,0.797393159150842,0.911657964511513,"{""0"": 1945, ""1"": 619}","{""Female"": 838, ""Male"": 1726}","{""0|Female"": 738, ""0|Male"": 1207, ""1|Female"": 100, ""1|Male"": 519}",6004,iid,outputs/major_revision/heterogeneity-10seed-2d2b220/partitions/seed_6004/clients_10/iid/entropy_by_client.csv,measured
3,2564,0.8081726683768473,0.913678290555806,"{""0"": 1928, ""1"": 636}","{""Female"": 843, ""Male"": 1721}","{""0|Female"": 744, ""0|Male"": 1184, ""1|Female"": 99, ""1|Male"": 537}",6004,iid,outputs/major_revision/heterogeneity-10seed-2d2b220/partitions/seed_6004/clients_10/iid/entropy_by_client.csv,measured
4,2564,0.8069222587215535,0.9037526441935162,"{""0"": 1930, ""1"": 634}","{""Female"": 819, ""Male"": 1745}","{""0|Female"": 722, ""0|Male"": 1208, ""1|Female"": 97, ""1|Male"": 537}",6004,iid,outputs/major_revision/heterogeneity-10seed-2d2b220/partitions/seed_6004/clients_10/iid/entropy_by_client.csv,measured
5,2564,0.7967483480661098,0.9184257843953948,"{""0"": 1946, ""1"": 618}","{""Female"": 855, ""Male"": 1709}","{""0|Female"": 761, ""0|Male"": 1185, ""1|Female"": 94, ""1|Male"": 524}",6004,iid,outputs/major_revision/heterogeneity-10seed-2d2b220/partitions/seed_6004/clients_10/iid/entropy_by_client.csv,measured
6,2564,0.8018733578612346,0.9192031833961352,"{""0"": 1938, ""1"": 626}","{""Female"": 857, ""Male"": 1707}","{""0|Female"": 752, ""0|Male"": 1186, ""1|Female"": 105, ""1|Male"": 521}",6004,iid,outputs/major_revision/heterogeneity-10seed-2d2b220/partitions/seed_6004/clients_10/iid/entropy_by_client.csv,measured
7,2563,0.8157308269026471,0.9043135579324146,"{""0"": 1915, ""1"": 648}","{""Female"": 820, ""Male"": 1743}","{""0|Female"": 719, ""0|Male"": 1196, ""1|Female"": 101, ""1|Male"": 547}",6004,iid,outputs/major_revision/heterogeneity-10seed-2d2b220/partitions/seed_6004/clients_10/iid/entropy_by_client.csv,measured
8,2563,0.8101941275293106,0.8855878307651859,"{""0"": 1924, ""1"": 639}","{""Female"": 778, ""Male"": 1785}","{""0|Female"": 696, ""0|Male"": 1228, ""1|Female"": 82, ""1|Male"": 557}",6004,iid,outputs/major_revision/heterogeneity-10seed-2d2b220/partitions/seed_6004/clients_10/iid/entropy_by_client.csv,measured
9,2563,0.8045623753796367,0.912196728863713,"{""0"": 1933, ""1"": 630}","{""Female"": 839, ""Male"": 1724}","{""0|Female"": 755, ""0|Male"": 1178, ""1|Female"": 84, ""1|Male"": 546}",6004,iid,outputs/major_revision/heterogeneity-10seed-2d2b220/partitions/seed_6004/clients_10/iid/entropy_by_client.csv,measured
0,3698,0.1083062588017159,0.6403049197893083,"{""0"": 3645, ""1"": 53}","{""Female"": 601, ""Male"": 3097}","{""0|Female"": 548, ""0|Male"": 3097, ""1|Female"": 53}",6004,joint_dirichlet_0.3,outputs/major_revision/heterogeneity-10seed-2d2b220/partitions/seed_6004/clients_10/joint_dirichlet_0.3/entropy_by_client.csv,measured
1,179,0.896434996303629,0.9809826349521634,"{""0"": 123, ""1"": 56}","{""Female"": 75, ""Male"": 104}","{""0|Female"": 63, ""0|Male"": 60, ""1|Female"": 12, ""1|Male"": 44}",6004,joint_dirichlet_0.3,outputs/major_revision/heterogeneity-10seed-2d2b220/partitions/seed_6004/clients_10/joint_dirichlet_0.3/entropy_by_client.csv,measured
2,1446,0.4126195124820213,0.4150119299953951,"{""0"": 120, ""1"": 1326}","{""Female"": 121, ""Male"": 1325}","{""0|Female"": 119, ""0|Male"": 1, ""1|Female"": 2, ""1|Male"": 1324}",6004,joint_dirichlet_0.3,outputs/major_revision/heterogeneity-10seed-2d2b220/partitions/seed_6004/clients_10/joint_dirichlet_0.3/entropy_by_client.csv,measured
3,9497,0.6035998300907657,0.976733754791767,"{""0"": 8096, ""1"": 1401}","{""Female"": 3898, ""Male"": 5599}","{""0|Female"": 3898, ""0|Male"": 4198, ""1|Male"": 1401}",6004,joint_dirichlet_0.3,outputs/major_revision/heterogeneity-10seed-2d2b220/partitions/seed_6004/clients_10/joint_dirichlet_0.3/entropy_by_client.csv,measured
4,1620,0.5197027865043055,0.9255257797572608,"{""0"": 189, ""1"": 1431}","{""Female"": 552, ""Male"": 1068}","{""0|Female"": 1, ""0|Male"": 188, ""1|Female"": 551, ""1|Male"": 880}",6004,joint_dirichlet_0.3,outputs/major_revision/heterogeneity-10seed-2d2b220/partitions/seed_6004/clients_10/joint_dirichlet_0.3/entropy_by_client.csv,measured
5,1877,0.8439079412051409,0.9623399669482378,"{""0"": 1367, ""1"": 510}","{""Female"": 1152, ""Male"": 725}","{""0|Female"": 1128, ""0|Male"": 239, ""1|Female"": 24, ""1|Male"": 486}",6004,joint_dirichlet_0.3,outputs/major_revision/heterogeneity-10seed-2d2b220/partitions/seed_6004/clients_10/joint_dirichlet_0.3/entropy_by_client.csv,measured
6,926,0.8594223694188,0.9300515103136228,"{""0"": 664, ""1"": 262}","{""Female"": 606, ""Male"": 320}","{""0|Female"": 482, ""0|Male"": 182, ""1|Female"": 124, ""1|Male"": 138}",6004,joint_dirichlet_0.3,outputs/major_revision/heterogeneity-10seed-2d2b220/partitions/seed_6004/clients_10/joint_dirichlet_0.3/entropy_by_client.csv,measured
7,723,0.3086004516985227,0.1378531961051657,"{""0"": 683, ""1"": 40}","{""Female"": 709, ""Male"": 14}","{""0|Female"": 683, ""1|Female"": 26, ""1|Male"": 14}",6004,joint_dirichlet_0.3,outputs/major_revision/heterogeneity-10seed-2d2b220/partitions/seed_6004/clients_10/joint_dirichlet_0.3/entropy_by_client.csv,measured
8,3224,0.2605389675700787,0.5479024746796426,"{""0"": 3082, ""1"": 142}","{""Female"": 408, ""Male"": 2816}","{""0|Female"": 266, ""0|Male"": 2816, ""1|Female"": 142}",6004,joint_dirichlet_0.3,outputs/major_revision/heterogeneity-10seed-2d2b220/partitions/seed_6004/clients_10/joint_dirichlet_0.3/entropy_by_client.csv,measured
9,2447,0.9981168467395192,0.3967416943955529,"{""0"": 1286, ""1"": 1161}","{""Female"": 192, ""Male"": 2255}","{""0|Female"": 181, ""0|Male"": 1105, ""1|Female"": 11, ""1|Male"": 1150}",6004,joint_dirichlet_0.3,outputs/major_revision/heterogeneity-10seed-2d2b220/partitions/seed_6004/clients_10/joint_dirichlet_0.3/entropy_by_client.csv,measured
0,3234,0.4154193823403348,0.7829268779693069,"{""0"": 2963, ""1"": 271}","{""Female"": 753, ""Male"": 2481}","{""0|Female"": 572, ""0|Male"": 2391, ""1|Female"": 181, ""1|Male"": 90}",6004,joint_dirichlet_1.0,outputs/major_revision/heterogeneity-10seed-2d2b220/partitions/seed_6004/clients_10/joint_dirichlet_1.0/entropy_by_client.csv,measured
1,1364,0.6232520213783205,0.91483646233008,"{""0"": 1152, ""1"": 212}","{""Female"": 914, ""Male"": 450}","{""0|Female"": 820, ""0|Male"": 332, ""1|Female"": 94, ""1|Male"": 118}",6004,joint_dirichlet_1.0,outputs/major_revision/heterogeneity-10seed-2d2b220/partitions/seed_6004/clients_10/joint_dirichlet_1.0/entropy_by_client.csv,measured
2,1347,0.515023252605285,0.7198445249647136,"{""0"": 1192, ""1"": 155}","{""Female"": 268, ""Male"": 1079}","{""0|Female"": 215, ""0|Male"": 977, ""1|Female"": 53, ""1|Male"": 102}",6004,joint_dirichlet_1.0,outputs/major_revision/heterogeneity-10seed-2d2b220/partitions/seed_6004/clients_10/joint_dirichlet_1.0/entropy_by_client.csv,measured
3,1214,0.7862191167751761,0.9607192635828264,"{""0"": 929, ""1"": 285}","{""Female"": 466, ""Male"": 748}","{""0|Female"": 426, ""0|Male"": 503, ""1|Female"": 40, ""1|Male"": 245}",6004,joint_dirichlet_1.0,outputs/major_revision/heterogeneity-10seed-2d2b220/partitions/seed_6004/clients_10/joint_dirichlet_1.0/entropy_by_client.csv,measured
4,1071,0.9606499213371744,0.9999993711230678,"{""0"": 660, ""1"": 411}","{""Female"": 535, ""Male"": 536}","{""0|Female"": 510, ""0|Male"": 150, ""1|Female"": 25, ""1|Male"": 386}",6004,joint_dirichlet_1.0,outputs/major_revision/heterogeneity-10seed-2d2b220/partitions/seed_6004/clients_10/joint_dirichlet_1.0/entropy_by_client.csv,measured
5,3049,0.5480362816265589,0.8327536843135449,"{""0"": 2663, ""1"": 386}","{""Female"": 805, ""Male"": 2244}","{""0|Female"": 600, ""0|Male"": 2063, ""1|Female"": 205, ""1|Male"": 181}",6004,joint_dirichlet_1.0,outputs/major_revision/heterogeneity-10seed-2d2b220/partitions/seed_6004/clients_10/joint_dirichlet_1.0/entropy_by_client.csv,measured
6,6543,0.9935759856719976,0.3104797691640404,"{""0"": 2963, ""1"": 3580}","{""Female"": 365, ""Male"": 6178}","{""0|Female"": 318, ""0|Male"": 2645, ""1|Female"": 47, ""1|Male"": 3533}",6004,joint_dirichlet_1.0,outputs/major_revision/heterogeneity-10seed-2d2b220/partitions/seed_6004/clients_10/joint_dirichlet_1.0/entropy_by_client.csv,measured
7,4215,0.3103510107622562,0.999345028265512,"{""0"": 3980, ""1"": 235}","{""Female"": 2171, ""Male"": 2044}","{""0|Female"": 2086, ""0|Male"": 1894, ""1|Female"": 85, ""1|Male"": 150}",6004,joint_dirichlet_1.0,outputs/major_revision/heterogeneity-10seed-2d2b220/partitions/seed_6004/clients_10/joint_dirichlet_1.0/entropy_by_client.csv,measured
8,1373,0.972958920711386,0.6400630730103736,"{""0"": 819, ""1"": 554}","{""Female"": 223, ""Male"": 1150}","{""0|Female"": 53, ""0|Male"": 766, ""1|Female"": 170, ""1|Male"": 384}",6004,joint_dirichlet_1.0,outputs/major_revision/heterogeneity-10seed-2d2b220/partitions/seed_6004/clients_10/joint_dirichlet_1.0/entropy_by_client.csv,measured
9,2227,0.5617204363872826,0.6918583091034741,"{""0"": 1934, ""1"": 293}","{""Female"": 1814, ""Male"": 413}","{""0|Female"": 1769, ""0|Male"": 165, ""1|Female"": 45, ""1|Male"": 248}",6004,joint_dirichlet_1.0,outputs/major_revision/heterogeneity-10seed-2d2b220/partitions/seed_6004/clients_10/joint_dirichlet_1.0/entropy_by_client.csv,measured
0,2564,0.8081726683768473,0.8941435111534084,"{""0"": 1928, ""1"": 636}","{""Female"": 797, ""Male"": 1767}","{""0|Female"": 695, ""0|Male"": 1233, ""1|Female"": 102, ""1|Male"": 534}",6005,iid,outputs/major_revision/heterogeneity-10seed-2d2b220/partitions/seed_6005/clients_10/iid/entropy_by_client.csv,measured
1,2564,0.797393159150842,0.9087875978470054,"{""0"": 1945, ""1"": 619}","{""Female"": 831, ""Male"": 1733}","{""0|Female"": 740, ""0|Male"": 1205, ""1|Female"": 91, ""1|Male"": 528}",6005,iid,outputs/major_revision/heterogeneity-10seed-2d2b220/partitions/seed_6005/clients_10/iid/entropy_by_client.csv,measured
2,2564,0.8137414145402377,0.9054470584722648,"{""0"": 1919, ""1"": 645}","{""Female"": 823, ""Male"": 1741}","{""0|Female"": 737, ""0|Male"": 1182, ""1|Female"": 86, ""1|Male"": 559}",6005,iid,outputs/major_revision/heterogeneity-10seed-2d2b220/partitions/seed_6005/clients_10/iid/entropy_by_client.csv,measured
3,2564,0.8143543201144313,0.8994458527272914,"{""0"": 1918, ""1"": 646}","{""Female"": 809, ""Male"": 1755}","{""0|Female"": 715, ""0|Male"": 1203, ""1|Female"": 94, ""1|Male"": 552}",6005,iid,outputs/major_revision/heterogeneity-10seed-2d2b220/partitions/seed_6005/clients_10/iid/entropy_by_client.csv,measured
4,2564,0.8149660613117999,0.9203618869027642,"{""0"": 1917, ""1"": 647}","{""Female"": 860, ""Male"": 1704}","{""0|Female"": 759, ""0|Male"": 1158, ""1|Female"": 101, ""1|Male"": 546}",6005,iid,outputs/major_revision/heterogeneity-10seed-2d2b220/partitions/seed_6005/clients_10/iid/entropy_by_client.csv,measured
5,2564,0.8131273433916861,0.899009595944974,"{""0"": 1920, ""1"": 644}","{""Female"": 808, ""Male"": 1756}","{""0|Female"": 728, ""0|Male"": 1192, ""1|Female"": 80, ""1|Male"": 564}",6005,iid,outputs/major_revision/heterogeneity-10seed-2d2b220/partitions/seed_6005/clients_10/iid/entropy_by_client.csv,measured
6,2564,0.7967483480661098,0.9249082491599132,"{""0"": 1946, ""1"": 618}","{""Female"": 872, ""Male"": 1692}","{""0|Female"": 781, ""0|Male"": 1165, ""1|Female"": 91, ""1|Male"": 527}",6005,iid,outputs/major_revision/heterogeneity-10seed-2d2b220/partitions/seed_6005/clients_10/iid/entropy_by_client.csv,measured
7,2563,0.8193695883286969,0.9117908390840868,"{""0"": 1909, ""1"": 654}","{""Female"": 838, ""Male"": 1725}","{""0|Female"": 751, ""0|Male"": 1158, ""1|Female"": 87, ""1|Male"": 567}",6005,iid,outputs/major_revision/heterogeneity-10seed-2d2b220/partitions/seed_6005/clients_10/iid/entropy_by_client.csv,measured
8,2563,0.809573087623994,0.9113839512792816,"{""0"": 1925, ""1"": 638}","{""Female"": 837, ""Male"": 1726}","{""0|Female"": 730, ""0|Male"": 1195, ""1|Female"": 107, ""1|Male"": 531}",6005,iid,outputs/major_revision/heterogeneity-10seed-2d2b220/partitions/seed_6005/clients_10/iid/entropy_by_client.csv,measured
9,2563,0.8077029148307244,0.912196728863713,"{""0"": 1928, ""1"": 635}","{""Female"": 839, ""Male"": 1724}","{""0|Female"": 733, ""0|Male"": 1195, ""1|Female"": 106, ""1|Male"": 529}",6005,iid,outputs/major_revision/heterogeneity-10seed-2d2b220/partitions/seed_6005/clients_10/iid/entropy_by_client.csv,measured
0,910,0.6220781882389438,0.2601453639477142,"{""0"": 769, ""1"": 141}","{""Female"": 40, ""Male"": 870}","{""0|Female"": 28, ""0|Male"": 741, ""1|Female"": 12, ""1|Male"": 129}",6005,joint_dirichlet_0.3,outputs/major_revision/heterogeneity-10seed-2d2b220/partitions/seed_6005/clients_10/joint_dirichlet_0.3/entropy_by_client.csv,measured
1,7135,0.9964119964860004,0.9999472743977464,"{""0"": 3819, ""1"": 3316}","{""Female"": 3537, ""Male"": 3598}","{""0|Female"": 3533, ""0|Male"": 286, ""1|Female"": 4, ""1|Male"": 3312}",6005,joint_dirichlet_0.3,outputs/major_revision/heterogeneity-10seed-2d2b220/partitions/seed_6005/clients_10/joint_dirichlet_0.3/entropy_by_client.csv,measured
2,4941,0.273314324814426,0.3727817637977043,"{""0"": 4709, ""1"": 232}","{""Female"": 355, ""Male"": 4586}","{""0|Female"": 123, ""0|Male"": 4586, ""1|Female"": 232}",6005,joint_dirichlet_0.3,outputs/major_revision/heterogeneity-10seed-2d2b220/partitions/seed_6005/clients_10/joint_dirichlet_0.3/entropy_by_client.csv,measured
3,1176,0.9932107496600436,0.4283571888911097,"{""0"": 531, ""1"": 645}","{""Female"": 103, ""Male"": 1073}","{""0|Female"": 94, ""0|Male"": 437, ""1|Female"": 9, ""1|Male"": 636}",6005,joint_dirichlet_0.3,outputs/major_revision/heterogeneity-10seed-2d2b220/partitions/seed_6005/clients_10/joint_dirichlet_0.3/entropy_by_client.csv,measured
4,4564,0.2149420920809311,0.8785418156116558,"{""0"": 4408, ""1"": 156}","{""Female"": 1359, ""Male"": 3205}","{""0|Female"": 1359, ""0|Male"": 3049, ""1|Male"": 156}",6005,joint_dirichlet_0.3,outputs/major_revision/heterogeneity-10seed-2d2b220/partitions/seed_6005/clients_10/joint_dirichlet_0.3/entropy_by_client.csv,measured
5,87,0.2690553027246507,0.6084002154765848,"{""0"": 83, ""1"": 4}","{""Female"": 74, ""Male"": 13}","{""0|Female"": 73, ""0|Male"": 10, ""1|Female"": 1, ""1|Male"": 3}",6005,joint_dirichlet_0.3,outputs/major_revision/heterogeneity-10seed-2d2b220/partitions/seed_6005/clients_10/joint_dirichlet_0.3/entropy_by_client.csv,measured
6,1723,0.8558932877236521,0.6644182110006511,"{""0"": 1240, ""1"": 483}","{""Female"": 298, ""Male"": 1425}","{""0|Female"": 3, ""0|Male"": 1237, ""1|Female"": 295, ""1|Male"": 188}",6005,joint_dirichlet_0.3,outputs/major_revision/heterogeneity-10seed-2d2b220/partitions/seed_6005/clients_10/joint_dirichlet_0.3/entropy_by_client.csv,measured
7,919,0.3963243363181762,0.3048303480785339,"{""0"": 847, ""1"": 72}","{""Female"": 50, ""Male"": 869}","{""0|Female"": 49, ""0|Male"": 798, ""1|Female"": 1, ""1|Male"": 71}",6005,joint_dirichlet_0.3,outputs/major_revision/heterogeneity-10seed-2d2b220/partitions/seed_6005/clients_10/joint_dirichlet_0.3/entropy_by_client.csv,measured
8,3200,0.9306743244587552,0.8027489141815065,"{""0"": 2092, ""1"": 1108}","{""Female"": 2417, ""Male"": 783}","{""0|Female"": 2080, ""0|Male"": 12, ""1|Female"": 337, ""1|Male"": 771}",6005,joint_dirichlet_0.3,outputs/major_revision/heterogeneity-10seed-2d2b220/partitions/seed_6005/clients_10/joint_dirichlet_0.3/entropy_by_client.csv,measured
9,982,0.7764815239450067,0.4108743265737024,"{""0"": 757, ""1"": 225}","{""Female"": 81, ""Male"": 901}","{""0|Female"": 27, ""0|Male"": 730, ""1|Female"": 54, ""1|Male"": 171}",6005,joint_dirichlet_0.3,outputs/major_revision/heterogeneity-10seed-2d2b220/partitions/seed_6005/clients_10/joint_dirichlet_0.3/entropy_by_client.csv,measured
0,2562,0.4090731390438265,0.4144916336780057,"{""0"": 2352, ""1"": 210}","{""Female"": 214, ""Male"": 2348}","{""0|Female"": 119, ""0|Male"": 2233, ""1|Female"": 95, ""1|Male"": 115}",6005,joint_dirichlet_1.0,outputs/major_revision/heterogeneity-10seed-2d2b220/partitions/seed_6005/clients_10/joint_dirichlet_1.0/entropy_by_client.csv,measured
1,4241,0.7652920738559587,0.9411538636863808,"{""0"": 3296, ""1"": 945}","{""Female"": 2722, ""Male"": 1519}","{""0|Female"": 2471, ""0|Male"": 825, ""1|Female"": 251, ""1|Male"": 694}",6005,joint_dirichlet_1.0,outputs/major_revision/heterogeneity-10seed-2d2b220/partitions/seed_6005/clients_10/joint_dirichlet_1.0/entropy_by_client.csv,measured
2,3387,0.7871561172819193,0.6357766853012444,"{""0"": 2590, ""1"": 797}","{""Female"": 544, ""Male"": 2843}","{""0|Female"": 415, ""0|Male"": 2175, ""1|Female"": 129, ""1|Male"": 668}",6005,joint_dirichlet_1.0,outputs/major_revision/heterogeneity-10seed-2d2b220/partitions/seed_6005/clients_10/joint_dirichlet_1.0/entropy_by_client.csv,measured
3,4493,0.9986960248312836,0.4443179745815488,"{""0"": 2342, ""1"": 2151}","{""Female"": 415, ""Male"": 4078}","{""0|Female"": 383, ""0|Male"": 1959, ""1|Female"": 32, ""1|Male"": 2119}",6005,joint_dirichlet_1.0,outputs/major_revision/heterogeneity-10seed-2d2b220/partitions/seed_6005/clients_10/joint_dirichlet_1.0/entropy_by_client.csv,measured
4,1629,0.8553504176559273,0.363559627248482,"{""0"": 1173, ""1"": 456}","{""Female"": 113, ""Male"": 1516}","{""0|Female"": 89, ""0|Male"": 1084, ""1|Female"": 24, ""1|Male"": 432}",6005,joint_dirichlet_1.0,outputs/major_revision/heterogeneity-10seed-2d2b220/partitions/seed_6005/clients_10/joint_dirichlet_1.0/entropy_by_client.csv,measured
5,1025,0.9252847359792228,0.7868337087169606,"{""0"": 676, ""1"": 349}","{""Female"": 241, ""Male"": 784}","{""0|Female"": 172, ""0|Male"": 504, ""1|Female"": 69, ""1|Male"": 280}",6005,joint_dirichlet_1.0,outputs/major_revision/heterogeneity-10seed-2d2b220/partitions/seed_6005/clients_10/joint_dirichlet_1.0/entropy_by_client.csv,measured
6,1602,0.7785984447027259,0.6247876028088132,"{""0"": 1233, ""1"": 369}","{""Female"": 250, ""Male"": 1352}","{""0|Female"": 137, ""0|Male"": 1096, ""1|Female"": 113, ""1|Male"": 256}",6005,joint_dirichlet_1.0,outputs/major_revision/heterogeneity-10seed-2d2b220/partitions/seed_6005/clients_10/joint_dirichlet_1.0/entropy_by_client.csv,measured
7,1159,0.7586205333848206,0.8536576732793313,"{""0"": 905, ""1"": 254}","{""Female"": 323, ""Male"": 836}","{""0|Female"": 206, ""0|Male"": 699, ""1|Female"": 117, ""1|Male"": 137}",6005,joint_dirichlet_1.0,outputs/major_revision/heterogeneity-10seed-2d2b220/partitions/seed_6005/clients_10/joint_dirichlet_1.0/entropy_by_client.csv,measured
8,1363,0.2764973399015181,0.9943075995509506,"{""0"": 1298, ""1"": 65}","{""Female"": 621, ""Male"": 742}","{""0|Female"": 605, ""0|Male"": 693, ""1|Female"": 16, ""1|Male"": 49}",6005,joint_dirichlet_1.0,outputs/major_revision/heterogeneity-10seed-2d2b220/partitions/seed_6005/clients_10/joint_dirichlet_1.0/entropy_by_client.csv,measured
9,4176,0.697729558237598,0.8960382325345574,"{""0"": 3390, ""1"": 786}","{""Female"": 2871, ""Male"": 1305}","{""0|Female"": 2772, ""0|Male"": 618, ""1|Female"": 99, ""1|Male"": 687}",6005,joint_dirichlet_1.0,outputs/major_revision/heterogeneity-10seed-2d2b220/partitions/seed_6005/clients_10/joint_dirichlet_1.0/entropy_by_client.csv,measured
0,2564,0.8210196929431572,0.9037526441935162,"{""0"": 1907, ""1"": 657}","{""Female"": 819, ""Male"": 1745}","{""0|Female"": 743, ""0|Male"": 1164, ""1|Female"": 76, ""1|Male"": 581}",6006,iid,outputs/major_revision/heterogeneity-10seed-2d2b220/partitions/seed_6006/clients_10/iid/entropy_by_client.csv,measured
1,2564,0.8037755794293677,0.8877709088882934,"{""0"": 1935, ""1"": 629}","{""Female"": 783, ""Male"": 1781}","{""0|Female"": 690, ""0|Male"": 1245, ""1|Female"": 93, ""1|Male"": 536}",6006,iid,outputs/major_revision/heterogeneity-10seed-2d2b220/partitions/seed_6006/clients_10/iid/entropy_by_client.csv,measured
2,2564,0.8356524400081357,0.8972543939232421,"{""0"": 1882, ""1"": 682}","{""Female"": 804, ""Male"": 1760}","{""0|Female"": 713, ""0|Male"": 1169, ""1|Female"": 91, ""1|Male"": 591}",6006,iid,outputs/major_revision/heterogeneity-10seed-2d2b220/partitions/seed_6006/clients_10/iid/entropy_by_client.csv,measured
3,2564,0.7882561505500254,0.911657964511513,"{""0"": 1959, ""1"": 605}","{""Female"": 838, ""Male"": 1726}","{""0|Female"": 743, ""0|Male"": 1216, ""1|Female"": 95, ""1|Male"": 510}",6006,iid,outputs/major_revision/heterogeneity-10seed-2d2b220/partitions/seed_6006/clients_10/iid/entropy_by_client.csv,measured
4,2564,0.8137414145402377,0.9285892824257278,"{""0"": 1919, ""1"": 645}","{""Female"": 882, ""Male"": 1682}","{""0|Female"": 783, ""0|Male"": 1136, ""1|Female"": 99, ""1|Male"": 546}",6006,iid,outputs/major_revision/heterogeneity-10seed-2d2b220/partitions/seed_6006/clients_10/iid/entropy_by_client.csv,measured
5,2564,0.8198182156076766,0.8994458527272914,"{""0"": 1909, ""1"": 655}","{""Female"": 809, ""Male"": 1755}","{""0|Female"": 711, ""0|Male"": 1198, ""1|Female"": 98, ""1|Male"": 557}",6006,iid,outputs/major_revision/heterogeneity-10seed-2d2b220/partitions/seed_6006/clients_10/iid/entropy_by_client.csv,measured
6,2564,0.7980367719386843,0.9092006505968704,"{""0"": 1944, ""1"": 620}","{""Female"": 832, ""Male"": 1732}","{""0|Female"": 717, ""0|Male"": 1227, ""1|Female"": 115, ""1|Male"": 505}",6006,iid,outputs/major_revision/heterogeneity-10seed-2d2b220/partitions/seed_6006/clients_10/iid/entropy_by_client.csv,measured
7,2563,0.8205732518901382,0.9297989640185412,"{""0"": 1907, ""1"": 656}","{""Female"": 885, ""Male"": 1678}","{""0|Female"": 773, ""0|Male"": 1134, ""1|Female"": 112, ""1|Male"": 544}",6006,iid,outputs/major_revision/heterogeneity-10seed-2d2b220/partitions/seed_6006/clients_10/iid/entropy_by_client.csv,measured
8,2563,0.7943128282799047,0.9130055167906248,"{""0"": 1949, ""1"": 614}","{""Female"": 841, ""Male"": 1722}","{""0|Female"": 752, ""0|Male"": 1197, ""1|Female"": 89, ""1|Male"": 525}",6006,iid,outputs/major_revision/heterogeneity-10seed-2d2b220/partitions/seed_6006/clients_10/iid/entropy_by_client.csv,measured
9,2563,0.7975487102586989,0.9047375077906802,"{""0"": 1944, ""1"": 619}","{""Female"": 821, ""Male"": 1742}","{""0|Female"": 744, ""0|Male"": 1200, ""1|Female"": 77, ""1|Male"": 542}",6006,iid,outputs/major_revision/heterogeneity-10seed-2d2b220/partitions/seed_6006/clients_10/iid/entropy_by_client.csv,measured
0,6738,0.6260516921238422,0.866405686511682,"{""0"": 5683, ""1"": 1055}","{""Female"": 4796, ""Male"": 1942}","{""0|Female"": 4777, ""0|Male"": 906, ""1|Female"": 19, ""1|Male"": 1036}",6006,joint_dirichlet_0.3,outputs/major_revision/heterogeneity-10seed-2d2b220/partitions/seed_6006/clients_10/joint_dirichlet_0.3/entropy_by_client.csv,measured
1,796,0.0639867298084044,0.653897214981187,"{""0"": 790, ""1"": 6}","{""Female"": 662, ""Male"": 134}","{""0|Female"": 660, ""0|Male"": 130, ""1|Female"": 2, ""1|Male"": 4}",6006,joint_dirichlet_0.3,outputs/major_revision/heterogeneity-10seed-2d2b220/partitions/seed_6006/clients_10/joint_dirichlet_0.3/entropy_by_client.csv,measured
2,2743,0.9767619833560244,0.993051425130562,"{""0"": 1617, ""1"": 1126}","{""Female"": 1506, ""Male"": 1237}","{""0|Female"": 1454, ""0|Male"": 163, ""1|Female"": 52, ""1|Male"": 1074}",6006,joint_dirichlet_0.3,outputs/major_revision/heterogeneity-10seed-2d2b220/partitions/seed_6006/clients_10/joint_dirichlet_0.3/entropy_by_client.csv,measured
3,4505,0.4982062531936025,0.5101745487851738,"{""0"": 4012, ""1"": 493}","{""Female"": 511, ""Male"": 3994}","{""0|Female"": 113, ""0|Male"": 3899, ""1|Female"": 398, ""1|Male"": 95}",6006,joint_dirichlet_0.3,outputs/major_revision/heterogeneity-10seed-2d2b220/partitions/seed_6006/clients_10/joint_dirichlet_0.3/entropy_by_client.csv,measured
4,130,0.0,0.06507307495461,"{""0"": 130, ""1"": 0}","{""Female"": 1, ""Male"": 129}","{""0|Female"": 1, ""0|Male"": 129}",6006,joint_dirichlet_0.3,outputs/major_revision/heterogeneity-10seed-2d2b220/partitions/seed_6006/clients_10/joint_dirichlet_0.3/entropy_by_client.csv,measured
5,410,0.506501809234841,0.6424162200958232,"{""0"": 46, ""1"": 364}","{""Female"": 343, ""Male"": 67}","{""0|Female"": 33, ""0|Male"": 13, ""1|Female"": 310, ""1|Male"": 54}",6006,joint_dirichlet_0.3,outputs/major_revision/heterogeneity-10seed-2d2b220/partitions/seed_6006/clients_10/joint_dirichlet_0.3/entropy_by_client.csv,measured
6,979,0.9808883222597952,0.8067955503968327,"{""0"": 410, ""1"": 569}","{""Female"": 242, ""Male"": 737}","{""0|Female"": 149, ""0|Male"": 261, ""1|Female"": 93, ""1|Male"": 476}",6006,joint_dirichlet_0.3,outputs/major_revision/heterogeneity-10seed-2d2b220/partitions/seed_6006/clients_10/joint_dirichlet_0.3/entropy_by_client.csv,measured
7,3012,0.2229609705506417,0.0293638999697032,"{""0"": 2904, ""1"": 108}","{""Female"": 9, ""Male"": 3003}","{""0|Female"": 8, ""0|Male"": 2896, ""1|Female"": 1, ""1|Male"": 107}",6006,joint_dirichlet_0.3,outputs/major_revision/heterogeneity-10seed-2d2b220/partitions/seed_6006/clients_10/joint_dirichlet_0.3/entropy_by_client.csv,measured
8,3827,0.8918509463247499,0.3391376485539379,"{""0"": 1182, ""1"": 2645}","{""Female"": 241, ""Male"": 3586}","{""0|Female"": 173, ""0|Male"": 1009, ""1|Female"": 68, ""1|Male"": 2577}",6006,joint_dirichlet_0.3,outputs/major_revision/heterogeneity-10seed-2d2b220/partitions/seed_6006/clients_10/joint_dirichlet_0.3/entropy_by_client.csv,measured
9,2497,0.0559009568080195,0.0133874797458491,"{""0"": 2481, ""1"": 16}","{""Female"": 3, ""Male"": 2494}","{""0|Female"": 1, ""0|Male"": 2480, ""1|Female"": 2, ""1|Male"": 14}",6006,joint_dirichlet_0.3,outputs/major_revision/heterogeneity-10seed-2d2b220/partitions/seed_6006/clients_10/joint_dirichlet_0.3/entropy_by_client.csv,measured
0,2849,0.9909374148437116,0.8105819805864651,"{""0"": 1584, ""1"": 1265}","{""Female"": 711, ""Male"": 2138}","{""0|Female"": 678, ""0|Male"": 906, ""1|Female"": 33, ""1|Male"": 1232}",6006,joint_dirichlet_1.0,outputs/major_revision/heterogeneity-10seed-2d2b220/partitions/seed_6006/clients_10/joint_dirichlet_1.0/entropy_by_client.csv,measured
1,1584,0.8609652558547648,0.638161945314006,"{""0"": 1134, ""1"": 450}","{""Female"": 256, ""Male"": 1328}","{""0|Female"": 201, ""0|Male"": 933, ""1|Female"": 55, ""1|Male"": 395}",6006,joint_dirichlet_1.0,outputs/major_revision/heterogeneity-10seed-2d2b220/partitions/seed_6006/clients_10/joint_dirichlet_1.0/entropy_by_client.csv,measured
2,4067,0.4155864815566044,0.4582255872863939,"{""0"": 3726, ""1"": 341}","{""Female"": 393, ""Male"": 3674}","{""0|Female"": 165, ""0|Male"": 3561, ""1|Female"": 228, ""1|Male"": 113}",6006,joint_dirichlet_1.0,outputs/major_revision/heterogeneity-10seed-2d2b220/partitions/seed_6006/clients_10/joint_dirichlet_1.0/entropy_by_client.csv,measured
3,1121,0.7052073316335954,0.999792765854127,"{""0"": 906, ""1"": 215}","{""Female"": 551, ""Male"": 570}","{""0|Female"": 516, ""0|Male"": 390, ""1|Female"": 35, ""1|Male"": 180}",6006,joint_dirichlet_1.0,outputs/major_revision/heterogeneity-10seed-2d2b220/partitions/seed_6006/clients_10/joint_dirichlet_1.0/entropy_by_client.csv,measured
4,3238,0.2300951035260069,0.9737334830750876,"{""0"": 3117, ""1"": 121}","{""Female"": 1311, ""Male"": 1927}","{""0|Female"": 1213, ""0|Male"": 1904, ""1|Female"": 98, ""1|Male"": 23}",6006,joint_dirichlet_1.0,outputs/major_revision/heterogeneity-10seed-2d2b220/partitions/seed_6006/clients_10/joint_dirichlet_1.0/entropy_by_client.csv,measured
5,2141,0.92349859090784,0.294182996465792,"{""0"": 1416, ""1"": 725}","{""Female"": 111, ""Male"": 2030}","{""0|Female"": 105, ""0|Male"": 1311, ""1|Female"": 6, ""1|Male"": 719}",6006,joint_dirichlet_1.0,outputs/major_revision/heterogeneity-10seed-2d2b220/partitions/seed_6006/clients_10/joint_dirichlet_1.0/entropy_by_client.csv,measured
6,5223,0.9403902842083558,0.9888335022839616,"{""0"": 3357, ""1"": 1866}","{""Female"": 2936, ""Male"": 2287}","{""0|Female"": 2936, ""0|Male"": 421, ""1|Male"": 1866}",6006,joint_dirichlet_1.0,outputs/major_revision/heterogeneity-10seed-2d2b220/partitions/seed_6006/clients_10/joint_dirichlet_1.0/entropy_by_client.csv,measured
7,1741,0.7100547906883804,0.8695434072442716,"{""0"": 1403, ""1"": 338}","{""Female"": 1235, ""Male"": 506}","{""0|Female"": 1231, ""0|Male"": 172, ""1|Female"": 4, ""1|Male"": 334}",6006,joint_dirichlet_1.0,outputs/major_revision/heterogeneity-10seed-2d2b220/partitions/seed_6006/clients_10/joint_dirichlet_1.0/entropy_by_client.csv,measured
8,1404,0.925254245152298,0.9582831238219734,"{""0"": 478, ""1"": 926}","{""Female"": 534, ""Male"": 870}","{""0|Female"": 131, ""0|Male"": 347, ""1|Female"": 403, ""1|Male"": 523}",6006,joint_dirichlet_1.0,outputs/major_revision/heterogeneity-10seed-2d2b220/partitions/seed_6006/clients_10/joint_dirichlet_1.0/entropy_by_client.csv,measured
9,2269,0.3254472466907661,0.5340552357679665,"{""0"": 2134, ""1"": 135}","{""Female"": 276, ""Male"": 1993}","{""0|Female"": 193, ""0|Male"": 1941, ""1|Female"": 83, ""1|Male"": 52}",6006,joint_dirichlet_1.0,outputs/major_revision/heterogeneity-10seed-2d2b220/partitions/seed_6006/clients_10/joint_dirichlet_1.0/entropy_by_client.csv,measured
0,2564,0.7713440598729444,0.91997663763781,"{""0"": 1984, ""1"": 580}","{""Female"": 859, ""Male"": 1705}","{""0|Female"": 778, ""0|Male"": 1206, ""1|Female"": 81, ""1|Male"": 499}",6007,iid,outputs/major_revision/heterogeneity-10seed-2d2b220/partitions/seed_6007/clients_10/iid/entropy_by_client.csv,measured
1,2564,0.8228132756590831,0.902042078280013,"{""0"": 1904, ""1"": 660}","{""Female"": 815, ""Male"": 1749}","{""0|Female"": 729, ""0|Male"": 1175, ""1|Female"": 86, ""1|Male"": 574}",6007,iid,outputs/major_revision/heterogeneity-10seed-2d2b220/partitions/seed_6007/clients_10/iid/entropy_by_client.csv,measured
2,2564,0.8222165643311006,0.9037526441935162,"{""0"": 1905, ""1"": 659}","{""Female"": 819, ""Male"": 1745}","{""0|Female"": 718, ""0|Male"": 1187, ""1|Female"": 101, ""1|Male"": 558}",6007,iid,outputs/major_revision/heterogeneity-10seed-2d2b220/partitions/seed_6007/clients_10/iid/entropy_by_client.csv,measured
3,2564,0.8251886517165775,0.899009595944974,"{""0"": 1900, ""1"": 664}","{""Female"": 808, ""Male"": 1756}","{""0|Female"": 703, ""0|Male"": 1197, ""1|Female"": 105, ""1|Male"": 559}",6007,iid,outputs/major_revision/heterogeneity-10seed-2d2b220/partitions/seed_6007/clients_10/iid/entropy_by_client.csv,measured
4,2564,0.8037755794293677,0.9108428562294696,"{""0"": 1935, ""1"": 629}","{""Female"": 836, ""Male"": 1728}","{""0|Female"": 736, ""0|Male"": 1199, ""1|Female"": 100, ""1|Male"": 529}",6007,iid,outputs/major_revision/heterogeneity-10seed-2d2b220/partitions/seed_6007/clients_10/iid/entropy_by_client.csv,measured
5,2564,0.8037755794293677,0.9087875978470054,"{""0"": 1935, ""1"": 629}","{""Female"": 831, ""Male"": 1733}","{""0|Female"": 732, ""0|Male"": 1203, ""1|Female"": 99, ""1|Male"": 530}",6007,iid,outputs/major_revision/heterogeneity-10seed-2d2b220/partitions/seed_6007/clients_10/iid/entropy_by_client.csv,measured
6,2564,0.8094183718260385,0.9067072947014674,"{""0"": 1926, ""1"": 638}","{""Female"": 826, ""Male"": 1738}","{""0|Female"": 738, ""0|Male"": 1188, ""1|Female"": 88, ""1|Male"": 550}",6007,iid,outputs/major_revision/heterogeneity-10seed-2d2b220/partitions/seed_6007/clients_10/iid/entropy_by_client.csv,measured
7,2563,0.8311997298135428,0.9085077401393996,"{""0"": 1889, ""1"": 674}","{""Female"": 830, ""Male"": 1733}","{""0|Female"": 733, ""0|Male"": 1156, ""1|Female"": 97, ""1|Male"": 577}",6007,iid,outputs/major_revision/heterogeneity-10seed-2d2b220/partitions/seed_6007/clients_10/iid/entropy_by_client.csv,measured
8,2563,0.8205732518901382,0.9146111430987772,"{""0"": 1907, ""1"": 656}","{""Female"": 845, ""Male"": 1718}","{""0|Female"": 756, ""0|Male"": 1151, ""1|Female"": 89, ""1|Male"": 567}",6007,iid,outputs/major_revision/heterogeneity-10seed-2d2b220/partitions/seed_6007/clients_10/iid/entropy_by_client.csv,measured
9,2563,0.7803910017141505,0.9146111430987772,"{""0"": 1970, ""1"": 593}","{""Female"": 845, ""Male"": 1718}","{""0|Female"": 746, ""0|Male"": 1224, ""1|Female"": 99, ""1|Male"": 494}",6007,iid,outputs/major_revision/heterogeneity-10seed-2d2b220/partitions/seed_6007/clients_10/iid/entropy_by_client.csv,measured
0,5022,0.8114358882485873,0.7765993417992313,"{""0"": 3766, ""1"": 1256}","{""Female"": 1151, ""Male"": 3871}","{""0|Female"": 1151, ""0|Male"": 2615, ""1|Male"": 1256}",6007,joint_dirichlet_0.3,outputs/major_revision/heterogeneity-10seed-2d2b220/partitions/seed_6007/clients_10/joint_dirichlet_0.3/entropy_by_client.csv,measured
1,207,0.0441192831044316,0.0,"{""0"": 206, ""1"": 1}","{""Female"": 0, ""Male"": 207}","{""0|Male"": 206, ""1|Male"": 1}",6007,joint_dirichlet_0.3,outputs/major_revision/heterogeneity-10seed-2d2b220/partitions/seed_6007/clients_10/joint_dirichlet_0.3/entropy_by_client.csv,measured
2,2992,0.98719806747967,0.9847688027915458,"{""0"": 1695, ""1"": 1297}","{""Female"": 1713, ""Male"": 1279}","{""0|Female"": 1624, ""0|Male"": 71, ""1|Female"": 89, ""1|Male"": 1208}",6007,joint_dirichlet_0.3,outputs/major_revision/heterogeneity-10seed-2d2b220/partitions/seed_6007/clients_10/joint_dirichlet_0.3/entropy_by_client.csv,measured
3,932,0.092519230968518,0.8495965510908606,"{""0"": 11, ""1"": 921}","{""Female"": 257, ""Male"": 675}","{""0|Female"": 11, ""1|Female"": 246, ""1|Male"": 675}",6007,joint_dirichlet_0.3,outputs/major_revision/heterogeneity-10seed-2d2b220/partitions/seed_6007/clients_10/joint_dirichlet_0.3/entropy_by_client.csv,measured
4,315,0.4936602958965112,0.0,"{""0"": 281, ""1"": 34}","{""Female"": 315, ""Male"": 0}","{""0|Female"": 281, ""1|Female"": 34}",6007,joint_dirichlet_0.3,outputs/major_revision/heterogeneity-10seed-2d2b220/partitions/seed_6007/clients_10/joint_dirichlet_0.3/entropy_by_client.csv,measured
5,4739,0.0217970260994017,0.1309077666938267,"{""0"": 4729, ""1"": 10}","{""Female"": 86, ""Male"": 4653}","{""0|Female"": 78, ""0|Male"": 4651, ""1|Female"": 8, ""1|Male"": 2}",6007,joint_dirichlet_0.3,outputs/major_revision/heterogeneity-10seed-2d2b220/partitions/seed_6007/clients_10/joint_dirichlet_0.3/entropy_by_client.csv,measured
6,5072,0.995235041835254,0.9676539377150584,"{""0"": 2742, ""1"": 2330}","{""Female"": 3071, ""Male"": 2001}","{""0|Female"": 2525, ""0|Male"": 217, ""1|Female"": 546, ""1|Male"": 1784}",6007,joint_dirichlet_0.3,outputs/major_revision/heterogeneity-10seed-2d2b220/partitions/seed_6007/clients_10/joint_dirichlet_0.3/entropy_by_client.csv,measured
7,1396,0.0455240698310294,0.2990423299562778,"{""0"": 1389, ""1"": 7}","{""Female"": 74, ""Male"": 1322}","{""0|Female"": 72, ""0|Male"": 1317, ""1|Female"": 2, ""1|Male"": 5}",6007,joint_dirichlet_0.3,outputs/major_revision/heterogeneity-10seed-2d2b220/partitions/seed_6007/clients_10/joint_dirichlet_0.3/entropy_by_client.csv,measured
8,3474,0.0183400138348456,0.995308927385324,"{""0"": 3468, ""1"": 6}","{""Female"": 1597, ""Male"": 1877}","{""0|Female"": 1597, ""0|Male"": 1871, ""1|Male"": 6}",6007,joint_dirichlet_0.3,outputs/major_revision/heterogeneity-10seed-2d2b220/partitions/seed_6007/clients_10/joint_dirichlet_0.3/entropy_by_client.csv,measured
9,1488,0.9335869855323568,0.212146595650742,"{""0"": 968, ""1"": 520}","{""Female"": 50, ""Male"": 1438}","{""0|Female"": 30, ""0|Male"": 938, ""1|Female"": 20, ""1|Male"": 500}",6007,joint_dirichlet_0.3,outputs/major_revision/heterogeneity-10seed-2d2b220/partitions/seed_6007/clients_10/joint_dirichlet_0.3/entropy_by_client.csv,measured
0,2181,0.4014032406506307,0.8952215845507505,"{""0"": 2007, ""1"": 174}","{""Female"": 1501, ""Male"": 680}","{""0|Female"": 1453, ""0|Male"": 554, ""1|Female"": 48, ""1|Male"": 126}",6007,joint_dirichlet_1.0,outputs/major_revision/heterogeneity-10seed-2d2b220/partitions/seed_6007/clients_10/joint_dirichlet_1.0/entropy_by_client.csv,measured
1,3247,0.5933761617338765,0.5252392187622524,"{""0"": 2781, ""1"": 466}","{""Female"": 385, ""Male"": 2862}","{""0|Female"": 360, ""0|Male"": 2421, ""1|Female"": 25, ""1|Male"": 441}",6007,joint_dirichlet_1.0,outputs/major_revision/heterogeneity-10seed-2d2b220/partitions/seed_6007/clients_10/joint_dirichlet_1.0/entropy_by_client.csv,measured
2,1297,0.8182294322893057,0.6809870075438499,"{""0"": 967, ""1"": 330}","{""Female"": 234, ""Male"": 1063}","{""0|Female"": 101, ""0|Male"": 866, ""1|Female"": 133, ""1|Male"": 197}",6007,joint_dirichlet_1.0,outputs/major_revision/heterogeneity-10seed-2d2b220/partitions/seed_6007/clients_10/joint_dirichlet_1.0/entropy_by_client.csv,measured
3,4604,0.4519670657474429,0.7769040568327732,"{""0"": 4168, ""1"": 436}","{""Female"": 1056, ""Male"": 3548}","{""0|Female"": 962, ""0|Male"": 3206, ""1|Female"": 94, ""1|Male"": 342}",6007,joint_dirichlet_1.0,outputs/major_revision/heterogeneity-10seed-2d2b220/partitions/seed_6007/clients_10/joint_dirichlet_1.0/entropy_by_client.csv,measured
4,5117,0.9601587056203342,0.9257915546465488,"{""0"": 3157, ""1"": 1960}","{""Female"": 1745, ""Male"": 3372}","{""0|Female"": 1625, ""0|Male"": 1532, ""1|Female"": 120, ""1|Male"": 1840}",6007,joint_dirichlet_1.0,outputs/major_revision/heterogeneity-10seed-2d2b220/partitions/seed_6007/clients_10/joint_dirichlet_1.0/entropy_by_client.csv,measured
5,3623,0.6469155452352344,0.7591279152704292,"{""0"": 3024, ""1"": 599}","{""Female"": 795, ""Male"": 2828}","{""0|Female"": 682, ""0|Male"": 2342, ""1|Female"": 113, ""1|Male"": 486}",6007,joint_dirichlet_1.0,outputs/major_revision/heterogeneity-10seed-2d2b220/partitions/seed_6007/clients_10/joint_dirichlet_1.0/entropy_by_client.csv,measured
6,1350,0.8711014065341873,0.5645057502513601,"{""0"": 394, ""1"": 956}","{""Female"": 179, ""Male"": 1171}","{""0|Female"": 61, ""0|Male"": 333, ""1|Female"": 118, ""1|Male"": 838}",6007,joint_dirichlet_1.0,outputs/major_revision/heterogeneity-10seed-2d2b220/partitions/seed_6007/clients_10/joint_dirichlet_1.0/entropy_by_client.csv,measured
7,1230,0.474128853429181,0.3502562325891722,"{""0"": 125, ""1"": 1105}","{""Female"": 81, ""Male"": 1149}","{""0|Female"": 73, ""0|Male"": 52, ""1|Female"": 8, ""1|Male"": 1097}",6007,joint_dirichlet_1.0,outputs/major_revision/heterogeneity-10seed-2d2b220/partitions/seed_6007/clients_10/joint_dirichlet_1.0/entropy_by_client.csv,measured
8,979,0.1203841667709561,0.7422824883844407,"{""0"": 963, ""1"": 16}","{""Female"": 773, ""Male"": 206}","{""0|Female"": 771, ""0|Male"": 192, ""1|Female"": 2, ""1|Male"": 14}",6007,joint_dirichlet_1.0,outputs/major_revision/heterogeneity-10seed-2d2b220/partitions/seed_6007/clients_10/joint_dirichlet_1.0/entropy_by_client.csv,measured
9,2009,0.6559596537193567,0.7619992262306953,"{""0"": 1669, ""1"": 340}","{""Female"": 1565, ""Male"": 444}","{""0|Female"": 1281, ""0|Male"": 388, ""1|Female"": 284, ""1|Male"": 56}",6007,joint_dirichlet_1.0,outputs/major_revision/heterogeneity-10seed-2d2b220/partitions/seed_6007/clients_10/joint_dirichlet_1.0/entropy_by_client.csv,measured
0,2564,0.8186121231009023,0.9087875978470054,"{""0"": 1911, ""1"": 653}","{""Female"": 831, ""Male"": 1733}","{""0|Female"": 744, ""0|Male"": 1167, ""1|Female"": 87, ""1|Male"": 566}",6008,iid,outputs/major_revision/heterogeneity-10seed-2d2b220/partitions/seed_6008/clients_10/iid/entropy_by_client.csv,measured
1,2564,0.8533592572218709,0.9132762165878242,"{""0"": 1850, ""1"": 714}","{""Female"": 842, ""Male"": 1722}","{""0|Female"": 727, ""0|Male"": 1123, ""1|Female"": 115, ""1|Male"": 599}",6008,iid,outputs/major_revision/heterogeneity-10seed-2d2b220/partitions/seed_6008/clients_10/iid/entropy_by_client.csv,measured
2,2564,0.8112781244591328,0.9041777603451744,"{""0"": 1923, ""1"": 641}","{""Female"": 820, ""Male"": 1744}","{""0|Female"": 725, ""0|Male"": 1198, ""1|Female"": 95, ""1|Male"": 546}",6008,iid,outputs/major_revision/heterogeneity-10seed-2d2b220/partitions/seed_6008/clients_10/iid/entropy_by_client.csv,measured
3,2564,0.8125121054668893,0.899009595944974,"{""0"": 1921, ""1"": 643}","{""Female"": 808, ""Male"": 1756}","{""0|Female"": 713, ""0|Male"": 1208, ""1|Female"": 95, ""1|Male"": 548}",6008,iid,outputs/major_revision/heterogeneity-10seed-2d2b220/partitions/seed_6008/clients_10/iid/entropy_by_client.csv,measured
4,2564,0.8075480524453709,0.9144794558577996,"{""0"": 1929, ""1"": 635}","{""Female"": 845, ""Male"": 1719}","{""0|Female"": 746, ""0|Male"": 1183, ""1|Female"": 99, ""1|Male"": 536}",6008,iid,outputs/major_revision/heterogeneity-10seed-2d2b220/partitions/seed_6008/clients_10/iid/entropy_by_client.csv,measured
5,2564,0.7954551257121647,0.9016119081818514,"{""0"": 1948, ""1"": 616}","{""Female"": 814, ""Male"": 1750}","{""0|Female"": 724, ""0|Male"": 1224, ""1|Female"": 90, ""1|Male"": 526}",6008,iid,outputs/major_revision/heterogeneity-10seed-2d2b220/partitions/seed_6008/clients_10/iid/entropy_by_client.csv,measured
6,2564,0.8056671329063219,0.9211294325608974,"{""0"": 1932, ""1"": 632}","{""Female"": 862, ""Male"": 1702}","{""0|Female"": 765, ""0|Male"": 1167, ""1|Female"": 97, ""1|Male"": 535}",6008,iid,outputs/major_revision/heterogeneity-10seed-2d2b220/partitions/seed_6008/clients_10/iid/entropy_by_client.csv,measured
7,2563,0.7790369171885096,0.9060033074604704,"{""0"": 1972, ""1"": 591}","{""Female"": 824, ""Male"": 1739}","{""0|Female"": 732, ""0|Male"": 1240, ""1|Female"": 92, ""1|Male"": 499}",6008,iid,outputs/major_revision/heterogeneity-10seed-2d2b220/partitions/seed_6008/clients_10/iid/entropy_by_client.csv,measured
8,2563,0.7988346613645427,0.9109760648358344,"{""0"": 1942, ""1"": 621}","{""Female"": 836, ""Male"": 1727}","{""0|Female"": 754, ""0|Male"": 1188, ""1|Female"": 82, ""1|Male"": 539}",6008,iid,outputs/major_revision/heterogeneity-10seed-2d2b220/partitions/seed_6008/clients_10/iid/entropy_by_client.csv,measured
9,2563,0.8083274825101868,0.9093345203313588,"{""0"": 1927, ""1"": 636}","{""Female"": 832, ""Male"": 1731}","{""0|Female"": 739, ""0|Male"": 1188, ""1|Female"": 93, ""1|Male"": 543}",6008,iid,outputs/major_revision/heterogeneity-10seed-2d2b220/partitions/seed_6008/clients_10/iid/entropy_by_client.csv,measured
0,2513,0.9574949676691288,0.976221730039364,"{""0"": 953, ""1"": 1560}","{""Female"": 1484, ""Male"": 1029}","{""0|Female"": 953, ""1|Female"": 531, ""1|Male"": 1029}",6008,joint_dirichlet_0.3,outputs/major_revision/heterogeneity-10seed-2d2b220/partitions/seed_6008/clients_10/joint_dirichlet_0.3/entropy_by_client.csv,measured
1,154,0.266764987803026,0.940285958670631,"{""0"": 7, ""1"": 147}","{""Female"": 99, ""Male"": 55}","{""0|Female"": 7, ""1|Female"": 92, ""1|Male"": 55}",6008,joint_dirichlet_0.3,outputs/major_revision/heterogeneity-10seed-2d2b220/partitions/seed_6008/clients_10/joint_dirichlet_0.3/entropy_by_client.csv,measured
2,8002,0.0732241709279312,0.8718356244383368,"{""0"": 7931, ""1"": 71}","{""Female"": 2340, ""Male"": 5662}","{""0|Female"": 2284, ""0|Male"": 5647, ""1|Female"": 56, ""1|Male"": 15}",6008,joint_dirichlet_0.3,outputs/major_revision/heterogeneity-10seed-2d2b220/partitions/seed_6008/clients_10/joint_dirichlet_0.3/entropy_by_client.csv,measured
3,281,0.9701118148752294,0.9999177790172524,"{""0"": 112, ""1"": 169}","{""Female"": 139, ""Male"": 142}","{""0|Female"": 28, ""0|Male"": 84, ""1|Female"": 111, ""1|Male"": 58}",6008,joint_dirichlet_0.3,outputs/major_revision/heterogeneity-10seed-2d2b220/partitions/seed_6008/clients_10/joint_dirichlet_0.3/entropy_by_client.csv,measured
4,2256,0.634351969928918,0.9622242288231136,"{""0"": 1895, ""1"": 361}","{""Female"": 1385, ""Male"": 871}","{""0|Female"": 1349, ""0|Male"": 546, ""1|Female"": 36, ""1|Male"": 325}",6008,joint_dirichlet_0.3,outputs/major_revision/heterogeneity-10seed-2d2b220/partitions/seed_6008/clients_10/joint_dirichlet_0.3/entropy_by_client.csv,measured
5,1761,0.7867856215015986,0.9881919373124558,"{""0"": 1347, ""1"": 414}","{""Female"": 993, ""Male"": 768}","{""0|Female"": 991, ""0|Male"": 356, ""1|Female"": 2, ""1|Male"": 412}",6008,joint_dirichlet_0.3,outputs/major_revision/heterogeneity-10seed-2d2b220/partitions/seed_6008/clients_10/joint_dirichlet_0.3/entropy_by_client.csv,measured
6,942,0.0,0.0,"{""0"": 942, ""1"": 0}","{""Female"": 0, ""Male"": 942}","{""0|Male"": 942}",6008,joint_dirichlet_0.3,outputs/major_revision/heterogeneity-10seed-2d2b220/partitions/seed_6008/clients_10/joint_dirichlet_0.3/entropy_by_client.csv,measured
7,534,0.1122476388640502,0.9702895375408072,"{""0"": 526, ""1"": 8}","{""Female"": 213, ""Male"": 321}","{""0|Female"": 211, ""0|Male"": 315, ""1|Female"": 2, ""1|Male"": 6}",6008,joint_dirichlet_0.3,outputs/major_revision/heterogeneity-10seed-2d2b220/partitions/seed_6008/clients_10/joint_dirichlet_0.3/entropy_by_client.csv,measured
8,8300,0.9892494532908492,0.4476309725316734,"{""0"": 4656, ""1"": 3644}","{""Female"": 775, ""Male"": 7525}","{""0|Female"": 660, ""0|Male"": 3996, ""1|Female"": 115, ""1|Male"": 3529}",6008,joint_dirichlet_0.3,outputs/major_revision/heterogeneity-10seed-2d2b220/partitions/seed_6008/clients_10/joint_dirichlet_0.3/entropy_by_client.csv,measured
9,894,0.0737391651880759,0.0737391651880759,"{""0"": 886, ""1"": 8}","{""Female"": 886, ""Male"": 8}","{""0|Female"": 886, ""1|Male"": 8}",6008,joint_dirichlet_0.3,outputs/major_revision/heterogeneity-10seed-2d2b220/partitions/seed_6008/clients_10/joint_dirichlet_0.3/entropy_by_client.csv,measured
0,2256,0.491624618805657,0.9746105968908516,"{""0"": 2014, ""1"": 242}","{""Female"": 1339, ""Male"": 917}","{""0|Female"": 1313, ""0|Male"": 701, ""1|Female"": 26, ""1|Male"": 216}",6008,joint_dirichlet_1.0,outputs/major_revision/heterogeneity-10seed-2d2b220/partitions/seed_6008/clients_10/joint_dirichlet_1.0/entropy_by_client.csv,measured
1,2532,0.9318621646705908,0.8312890686231114,"{""0"": 1652, ""1"": 880}","{""Female"": 666, ""Male"": 1866}","{""0|Female"": 388, ""0|Male"": 1264, ""1|Female"": 278, ""1|Male"": 602}",6008,joint_dirichlet_1.0,outputs/major_revision/heterogeneity-10seed-2d2b220/partitions/seed_6008/clients_10/joint_dirichlet_1.0/entropy_by_client.csv,measured
2,2390,0.3383109022274803,0.8258611443461177,"{""0"": 2240, ""1"": 150}","{""Female"": 620, ""Male"": 1770}","{""0|Female"": 543, ""0|Male"": 1697, ""1|Female"": 77, ""1|Male"": 73}",6008,joint_dirichlet_1.0,outputs/major_revision/heterogeneity-10seed-2d2b220/partitions/seed_6008/clients_10/joint_dirichlet_1.0/entropy_by_client.csv,measured
3,3459,0.8771167953870836,0.8472410929435306,"{""0"": 2433, ""1"": 1026}","{""Female"": 2511, ""Male"": 948}","{""0|Female"": 2408, ""0|Male"": 25, ""1|Female"": 103, ""1|Male"": 923}",6008,joint_dirichlet_1.0,outputs/major_revision/heterogeneity-10seed-2d2b220/partitions/seed_6008/clients_10/joint_dirichlet_1.0/entropy_by_client.csv,measured
4,1627,0.7712981222814875,0.9774364178210424,"{""0"": 1259, ""1"": 368}","{""Female"": 957, ""Male"": 670}","{""0|Female"": 837, ""0|Male"": 422, ""1|Female"": 120, ""1|Male"": 248}",6008,joint_dirichlet_1.0,outputs/major_revision/heterogeneity-10seed-2d2b220/partitions/seed_6008/clients_10/joint_dirichlet_1.0/entropy_by_client.csv,measured
5,862,0.9697159815774802,0.9489283499577416,"{""0"": 519, ""1"": 343}","{""Female"": 545, ""Male"": 317}","{""0|Female"": 403, ""0|Male"": 116, ""1|Female"": 142, ""1|Male"": 201}",6008,joint_dirichlet_1.0,outputs/major_revision/heterogeneity-10seed-2d2b220/partitions/seed_6008/clients_10/joint_dirichlet_1.0/entropy_by_client.csv,measured
6,5192,0.6041234581483738,0.3068256763376129,"{""0"": 4425, ""1"": 767}","{""Female"": 285, ""Male"": 4907}","{""0|Female"": 218, ""0|Male"": 4207, ""1|Female"": 67, ""1|Male"": 700}",6008,joint_dirichlet_1.0,outputs/major_revision/heterogeneity-10seed-2d2b220/partitions/seed_6008/clients_10/joint_dirichlet_1.0/entropy_by_client.csv,measured
7,3586,0.3731458258876849,0.7524972231729642,"{""0"": 3328, ""1"": 258}","{""Female"": 774, ""Male"": 2812}","{""0|Female"": 723, ""0|Male"": 2605, ""1|Female"": 51, ""1|Male"": 207}",6008,joint_dirichlet_1.0,outputs/major_revision/heterogeneity-10seed-2d2b220/partitions/seed_6008/clients_10/joint_dirichlet_1.0/entropy_by_client.csv,measured
8,1162,0.7980611192901015,0.9946510366997148,"{""0"": 881, ""1"": 281}","{""Female"": 531, ""Male"": 631}","{""0|Female"": 477, ""0|Male"": 404, ""1|Female"": 54, ""1|Male"": 227}",6008,joint_dirichlet_1.0,outputs/major_revision/heterogeneity-10seed-2d2b220/partitions/seed_6008/clients_10/joint_dirichlet_1.0/entropy_by_client.csv,measured
9,2571,0.7139221222104131,0.2114088547785191,"{""0"": 504, ""1"": 2067}","{""Female"": 86, ""Male"": 2485}","{""0|Female"": 59, ""0|Male"": 445, ""1|Female"": 27, ""1|Male"": 2040}",6008,joint_dirichlet_1.0,outputs/major_revision/heterogeneity-10seed-2d2b220/partitions/seed_6008/clients_10/joint_dirichlet_1.0/entropy_by_client.csv,measured
0,2564,0.8174014061324145,0.913678290555806,"{""0"": 1913, ""1"": 651}","{""Female"": 843, ""Male"": 1721}","{""0|Female"": 746, ""0|Male"": 1167, ""1|Female"": 97, ""1|Male"": 554}",6009,iid,outputs/major_revision/heterogeneity-10seed-2d2b220/partitions/seed_6009/clients_10/iid/entropy_by_client.csv,measured
1,2564,0.8044072809041559,0.92602280172745,"{""0"": 1934, ""1"": 630}","{""Female"": 875, ""Male"": 1689}","{""0|Female"": 786, ""0|Male"": 1148, ""1|Female"": 89, ""1|Male"": 541}",6009,iid,outputs/major_revision/heterogeneity-10seed-2d2b220/partitions/seed_6009/clients_10/iid/entropy_by_client.csv,measured
2,2564,0.8005992663946563,0.911657964511513,"{""0"": 1940, ""1"": 624}","{""Female"": 838, ""Male"": 1726}","{""0|Female"": 729, ""0|Male"": 1211, ""1|Female"": 109, ""1|Male"": 515}",6009,iid,outputs/major_revision/heterogeneity-10seed-2d2b220/partitions/seed_6009/clients_10/iid/entropy_by_client.csv,measured
3,2564,0.8100394618140766,0.9092006505968704,"{""0"": 1925, ""1"": 639}","{""Female"": 832, ""Male"": 1732}","{""0|Female"": 740, ""0|Male"": 1185, ""1|Female"": 92, ""1|Male"": 547}",6009,iid,outputs/major_revision/heterogeneity-10seed-2d2b220/partitions/seed_6009/clients_10/iid/entropy_by_client.csv,measured
4,2564,0.8031426926142338,0.9100237532413932,"{""0"": 1936, ""1"": 628}","{""Female"": 834, ""Male"": 1730}","{""0|Female"": 743, ""0|Male"": 1193, ""1|Female"": 91, ""1|Male"": 537}",6009,iid,outputs/major_revision/heterogeneity-10seed-2d2b220/partitions/seed_6009/clients_10/iid/entropy_by_client.csv,measured
5,2564,0.7915465609943745,0.91043380438228,"{""0"": 1954, ""1"": 610}","{""Female"": 835, ""Male"": 1729}","{""0|Female"": 735, ""0|Male"": 1219, ""1|Female"": 100, ""1|Male"": 510}",6009,iid,outputs/major_revision/heterogeneity-10seed-2d2b220/partitions/seed_6009/clients_10/iid/entropy_by_client.csv,measured
6,2564,0.8222165643311006,0.8941435111534084,"{""0"": 1905, ""1"": 659}","{""Female"": 797, ""Male"": 1767}","{""0|Female"": 715, ""0|Male"": 1190, ""1|Female"": 82, ""1|Male"": 577}",6009,iid,outputs/major_revision/heterogeneity-10seed-2d2b220/partitions/seed_6009/clients_10/iid/entropy_by_client.csv,measured
7,2563,0.8138957669688609,0.9197198103677472,"{""0"": 1918, ""1"": 645}","{""Female"": 858, ""Male"": 1705}","{""0|Female"": 759, ""0|Male"": 1159, ""1|Female"": 99, ""1|Male"": 546}",6009,iid,outputs/major_revision/heterogeneity-10seed-2d2b220/partitions/seed_6009/clients_10/iid/entropy_by_client.csv,measured
8,2563,0.8223701007911365,0.8924831722768324,"{""0"": 1904, ""1"": 659}","{""Female"": 793, ""Male"": 1770}","{""0|Female"": 697, ""0|Male"": 1207, ""1|Female"": 96, ""1|Male"": 563}",6009,iid,outputs/major_revision/heterogeneity-10seed-2d2b220/partitions/seed_6009/clients_10/iid/entropy_by_client.csv,measured
9,2563,0.8089508730286957,0.8995833442966834,"{""0"": 1926, ""1"": 637}","{""Female"": 809, ""Male"": 1754}","{""0|Female"": 719, ""0|Male"": 1207, ""1|Female"": 90, ""1|Male"": 547}",6009,iid,outputs/major_revision/heterogeneity-10seed-2d2b220/partitions/seed_6009/clients_10/iid/entropy_by_client.csv,measured
0,5847,0.0489945385347538,0.9365705699827934,"{""0"": 5815, ""1"": 32}","{""Female"": 2063, ""Male"": 3784}","{""0|Female"": 2055, ""0|Male"": 3760, ""1|Female"": 8, ""1|Male"": 24}",6009,joint_dirichlet_0.3,outputs/major_revision/heterogeneity-10seed-2d2b220/partitions/seed_6009/clients_10/joint_dirichlet_0.3/entropy_by_client.csv,measured
1,1296,0.9857270486620912,0.9971103025061868,"{""0"": 739, ""1"": 557}","{""Female"": 607, ""Male"": 689}","{""0|Female"": 607, ""0|Male"": 132, ""1|Male"": 557}",6009,joint_dirichlet_0.3,outputs/major_revision/heterogeneity-10seed-2d2b220/partitions/seed_6009/clients_10/joint_dirichlet_0.3/entropy_by_client.csv,measured
2,358,0.9961919064764032,0.310810717596308,"{""0"": 192, ""1"": 166}","{""Female"": 20, ""Male"": 338}","{""0|Female"": 20, ""0|Male"": 172, ""1|Male"": 166}",6009,joint_dirichlet_0.3,outputs/major_revision/heterogeneity-10seed-2d2b220/partitions/seed_6009/clients_10/joint_dirichlet_0.3/entropy_by_client.csv,measured
3,2745,0.2574533237365077,0.8241516262302904,"{""0"": 119, ""1"": 2626}","{""Female"": 709, ""Male"": 2036}","{""0|Female"": 100, ""0|Male"": 19, ""1|Female"": 609, ""1|Male"": 2017}",6009,joint_dirichlet_0.3,outputs/major_revision/heterogeneity-10seed-2d2b220/partitions/seed_6009/clients_10/joint_dirichlet_0.3/entropy_by_client.csv,measured
4,793,0.9653910461041146,0.9836945112936272,"{""0"": 310, ""1"": 483}","{""Female"": 337, ""Male"": 456}","{""0|Female"": 179, ""0|Male"": 131, ""1|Female"": 158, ""1|Male"": 325}",6009,joint_dirichlet_0.3,outputs/major_revision/heterogeneity-10seed-2d2b220/partitions/seed_6009/clients_10/joint_dirichlet_0.3/entropy_by_client.csv,measured
5,438,0.9720089973112732,0.8963625891211222,"{""0"": 262, ""1"": 176}","{""Female"": 137, ""Male"": 301}","{""0|Female"": 7, ""0|Male"": 255, ""1|Female"": 130, ""1|Male"": 46}",6009,joint_dirichlet_0.3,outputs/major_revision/heterogeneity-10seed-2d2b220/partitions/seed_6009/clients_10/joint_dirichlet_0.3/entropy_by_client.csv,measured
6,3772,0.0612993463883498,0.0516764483143353,"{""0"": 3745, ""1"": 27}","{""Female"": 22, ""Male"": 3750}","{""0|Female"": 7, ""0|Male"": 3738, ""1|Female"": 15, ""1|Male"": 12}",6009,joint_dirichlet_0.3,outputs/major_revision/heterogeneity-10seed-2d2b220/partitions/seed_6009/clients_10/joint_dirichlet_0.3/entropy_by_client.csv,measured
7,1531,0.9174224805169152,0.7420940628524351,"{""0"": 1022, ""1"": 509}","{""Female"": 322, ""Male"": 1209}","{""0|Female"": 318, ""0|Male"": 704, ""1|Female"": 4, ""1|Male"": 505}",6009,joint_dirichlet_0.3,outputs/major_revision/heterogeneity-10seed-2d2b220/partitions/seed_6009/clients_10/joint_dirichlet_0.3/entropy_by_client.csv,measured
8,4263,0.6223474958984919,0.6095760790648782,"{""0"": 3602, ""1"": 661}","{""Female"": 639, ""Male"": 3624}","{""0|Female"": 627, ""0|Male"": 2975, ""1|Female"": 12, ""1|Male"": 649}",6009,joint_dirichlet_0.3,outputs/major_revision/heterogeneity-10seed-2d2b220/partitions/seed_6009/clients_10/joint_dirichlet_0.3/entropy_by_client.csv,measured
9,4594,0.8100683651385869,0.8069369839873429,"{""0"": 3449, ""1"": 1145}","{""Female"": 3458, ""Male"": 1136}","{""0|Female"": 3449, ""1|Female"": 9, ""1|Male"": 1136}",6009,joint_dirichlet_0.3,outputs/major_revision/heterogeneity-10seed-2d2b220/partitions/seed_6009/clients_10/joint_dirichlet_0.3/entropy_by_client.csv,measured
0,4615,0.9896927973544074,0.5937494213571254,"{""0"": 2583, ""1"": 2032}","{""Female"": 663, ""Male"": 3952}","{""0|Female"": 615, ""0|Male"": 1968, ""1|Female"": 48, ""1|Male"": 1984}",6009,joint_dirichlet_1.0,outputs/major_revision/heterogeneity-10seed-2d2b220/partitions/seed_6009/clients_10/joint_dirichlet_1.0/entropy_by_client.csv,measured
1,1177,0.5780195288099516,0.5456478354998052,"{""0"": 1015, ""1"": 162}","{""Female"": 148, ""Male"": 1029}","{""0|Female"": 143, ""0|Male"": 872, ""1|Female"": 5, ""1|Male"": 157}",6009,joint_dirichlet_1.0,outputs/major_revision/heterogeneity-10seed-2d2b220/partitions/seed_6009/clients_10/joint_dirichlet_1.0/entropy_by_client.csv,measured
2,1525,0.7113113968507863,0.9816062533148971,"{""0"": 1228, ""1"": 297}","{""Female"": 884, ""Male"": 641}","{""0|Female"": 842, ""0|Male"": 386, ""1|Female"": 42, ""1|Male"": 255}",6009,joint_dirichlet_1.0,outputs/major_revision/heterogeneity-10seed-2d2b220/partitions/seed_6009/clients_10/joint_dirichlet_1.0/entropy_by_client.csv,measured
3,1581,0.8810588225133658,0.9743919141044728,"{""0"": 474, ""1"": 1107}","{""Female"": 642, ""Male"": 939}","{""0|Female"": 356, ""0|Male"": 118, ""1|Female"": 286, ""1|Male"": 821}",6009,joint_dirichlet_1.0,outputs/major_revision/heterogeneity-10seed-2d2b220/partitions/seed_6009/clients_10/joint_dirichlet_1.0/entropy_by_client.csv,measured
4,3566,0.1930117828810128,0.4790482488366934,"{""0"": 3460, ""1"": 106}","{""Female"": 368, ""Male"": 3198}","{""0|Female"": 300, ""0|Male"": 3160, ""1|Female"": 68, ""1|Male"": 38}",6009,joint_dirichlet_1.0,outputs/major_revision/heterogeneity-10seed-2d2b220/partitions/seed_6009/clients_10/joint_dirichlet_1.0/entropy_by_client.csv,measured
5,2493,0.4439632208937535,0.7583616053412187,"{""0"": 2263, ""1"": 230}","{""Female"": 1947, ""Male"": 546}","{""0|Female"": 1862, ""0|Male"": 401, ""1|Female"": 85, ""1|Male"": 145}",6009,joint_dirichlet_1.0,outputs/major_revision/heterogeneity-10seed-2d2b220/partitions/seed_6009/clients_10/joint_dirichlet_1.0/entropy_by_client.csv,measured
6,1634,0.2578999976724228,0.632197095426303,"{""0"": 1563, ""1"": 71}","{""Female"": 260, ""Male"": 1374}","{""0|Female"": 216, ""0|Male"": 1347, ""1|Female"": 44, ""1|Male"": 27}",6009,joint_dirichlet_1.0,outputs/major_revision/heterogeneity-10seed-2d2b220/partitions/seed_6009/clients_10/joint_dirichlet_1.0/entropy_by_client.csv,measured
7,2920,0.8002406167213227,0.8317687568455823,"{""0"": 2210, ""1"": 710}","{""Female"": 769, ""Male"": 2151}","{""0|Female"": 445, ""0|Male"": 1765, ""1|Female"": 324, ""1|Male"": 386}",6009,joint_dirichlet_1.0,outputs/major_revision/heterogeneity-10seed-2d2b220/partitions/seed_6009/clients_10/joint_dirichlet_1.0/entropy_by_client.csv,measured
8,4097,0.6792968457155573,0.9988011471375156,"{""0"": 3361, ""1"": 736}","{""Female"": 1965, ""Male"": 2132}","{""0|Female"": 1925, ""0|Male"": 1436, ""1|Female"": 40, ""1|Male"": 696}",6009,joint_dirichlet_1.0,outputs/major_revision/heterogeneity-10seed-2d2b220/partitions/seed_6009/clients_10/joint_dirichlet_1.0/entropy_by_client.csv,measured
9,2029,0.995107793366839,0.9141338512009154,"{""0"": 1098, ""1"": 931}","{""Female"": 668, ""Male"": 1361}","{""0|Female"": 665, ""0|Male"": 433, ""1|Female"": 3, ""1|Male"": 928}",6009,joint_dirichlet_1.0,outputs/major_revision/heterogeneity-10seed-2d2b220/partitions/seed_6009/clients_10/joint_dirichlet_1.0/entropy_by_client.csv,measured
0,2564,0.8005992663946563,0.9067072947014674,"{""0"": 1940, ""1"": 624}","{""Female"": 826, ""Male"": 1738}","{""0|Female"": 728, ""0|Male"": 1212, ""1|Female"": 98, ""1|Male"": 526}",6010,iid,outputs/major_revision/heterogeneity-10seed-2d2b220/partitions/seed_6010/clients_10/iid/entropy_by_client.csv,measured
1,2564,0.8198182156076766,0.9256522611194988,"{""0"": 1909, ""1"": 655}","{""Female"": 874, ""Male"": 1690}","{""0|Female"": 761, ""0|Male"": 1148, ""1|Female"": 113, ""1|Male"": 542}",6010,iid,outputs/major_revision/heterogeneity-10seed-2d2b220/partitions/seed_6010/clients_10/iid/entropy_by_client.csv,measured
2,2564,0.8050377983081688,0.9046018676754312,"{""0"": 1933, ""1"": 631}","{""Female"": 821, ""Male"": 1743}","{""0|Female"": 733, ""0|Male"": 1200, ""1|Female"": 88, ""1|Male"": 543}",6010,iid,outputs/major_revision/heterogeneity-10seed-2d2b220/partitions/seed_6010/clients_10/iid/entropy_by_client.csv,measured
3,2564,0.7928542429328376,0.9172522793990928,"{""0"": 1952, ""1"": 612}","{""Female"": 852, ""Male"": 1712}","{""0|Female"": 764, ""0|Male"": 1188, ""1|Female"": 88, ""1|Male"": 524}",6010,iid,outputs/major_revision/heterogeneity-10seed-2d2b220/partitions/seed_6010/clients_10/iid/entropy_by_client.csv,measured
4,2564,0.8155766393255438,0.9120640221753894,"{""0"": 1916, ""1"": 648}","{""Female"": 839, ""Male"": 1725}","{""0|Female"": 754, ""0|Male"": 1162, ""1|Female"": 85, ""1|Male"": 563}",6010,iid,outputs/major_revision/heterogeneity-10seed-2d2b220/partitions/seed_6010/clients_10/iid/entropy_by_client.csv,measured
5,2564,0.8081726683768473,0.8976947220283461,"{""0"": 1928, ""1"": 636}","{""Female"": 805, ""Male"": 1759}","{""0|Female"": 725, ""0|Male"": 1203, ""1|Female"": 80, ""1|Male"": 556}",6010,iid,outputs/major_revision/heterogeneity-10seed-2d2b220/partitions/seed_6010/clients_10/iid/entropy_by_client.csv,measured
6,2564,0.7935062717386087,0.9033265185675116,"{""0"": 1951, ""1"": 613}","{""Female"": 818, ""Male"": 1746}","{""0|Female"": 719, ""0|Male"": 1232, ""1|Female"": 99, ""1|Male"": 514}",6010,iid,outputs/major_revision/heterogeneity-10seed-2d2b220/partitions/seed_6010/clients_10/iid/entropy_by_client.csv,measured
7,2563,0.8169483851950522,0.9068421387763944,"{""0"": 1913, ""1"": 650}","{""Female"": 826, ""Male"": 1737}","{""0|Female"": 720, ""0|Male"": 1193, ""1|Female"": 106, ""1|Male"": 544}",6010,iid,outputs/major_revision/heterogeneity-10seed-2d2b220/partitions/seed_6010/clients_10/iid/entropy_by_client.csv,measured
8,2563,0.8132817495558193,0.919332769306632,"{""0"": 1919, ""1"": 644}","{""Female"": 857, ""Male"": 1706}","{""0|Female"": 769, ""0|Male"": 1150, ""1|Female"": 88, ""1|Male"": 556}",6010,iid,outputs/major_revision/heterogeneity-10seed-2d2b220/partitions/seed_6010/clients_10/iid/entropy_by_client.csv,measured
9,2563,0.8282850314436421,0.8938344104100122,"{""0"": 1894, ""1"": 669}","{""Female"": 796, ""Male"": 1767}","{""0|Female"": 696, ""0|Male"": 1198, ""1|Female"": 100, ""1|Male"": 569}",6010,iid,outputs/major_revision/heterogeneity-10seed-2d2b220/partitions/seed_6010/clients_10/iid/entropy_by_client.csv,measured
0,688,0.9902246902198684,0.9995061873251404,"{""0"": 384, ""1"": 304}","{""Female"": 335, ""Male"": 353}","{""0|Female"": 40, ""0|Male"": 344, ""1|Female"": 295, ""1|Male"": 9}",6010,joint_dirichlet_0.3,outputs/major_revision/heterogeneity-10seed-2d2b220/partitions/seed_6010/clients_10/joint_dirichlet_0.3/entropy_by_client.csv,measured
1,4635,0.0983865950317153,0.1155706374867096,"{""0"": 4576, ""1"": 59}","{""Female"": 4563, ""Male"": 72}","{""0|Female"": 4563, ""0|Male"": 13, ""1|Male"": 59}",6010,joint_dirichlet_0.3,outputs/major_revision/heterogeneity-10seed-2d2b220/partitions/seed_6010/clients_10/joint_dirichlet_0.3/entropy_by_client.csv,measured
2,3568,0.99180241318327,0.2439346079793798,"{""0"": 1594, ""1"": 1974}","{""Female"": 144, ""Male"": 3424}","{""0|Female"": 144, ""0|Male"": 1450, ""1|Male"": 1974}",6010,joint_dirichlet_0.3,outputs/major_revision/heterogeneity-10seed-2d2b220/partitions/seed_6010/clients_10/joint_dirichlet_0.3/entropy_by_client.csv,measured
3,4996,0.2865669859282137,0.2479171042447644,"{""0"": 4746, ""1"": 250}","{""Female"": 206, ""Male"": 4790}","{""0|Female"": 55, ""0|Male"": 4691, ""1|Female"": 151, ""1|Male"": 99}",6010,joint_dirichlet_0.3,outputs/major_revision/heterogeneity-10seed-2d2b220/partitions/seed_6010/clients_10/joint_dirichlet_0.3/entropy_by_client.csv,measured
4,1201,0.9963837410573768,0.7028802017514133,"{""0"": 558, ""1"": 643}","{""Female"": 229, ""Male"": 972}","{""0|Male"": 558, ""1|Female"": 229, ""1|Male"": 414}",6010,joint_dirichlet_0.3,outputs/major_revision/heterogeneity-10seed-2d2b220/partitions/seed_6010/clients_10/joint_dirichlet_0.3/entropy_by_client.csv,measured
5,4595,0.3294286959656825,0.4546916954795685,"{""0"": 4317, ""1"": 278}","{""Female"": 439, ""Male"": 4156}","{""0|Female"": 306, ""0|Male"": 4011, ""1|Female"": 133, ""1|Male"": 145}",6010,joint_dirichlet_0.3,outputs/major_revision/heterogeneity-10seed-2d2b220/partitions/seed_6010/clients_10/joint_dirichlet_0.3/entropy_by_client.csv,measured
6,642,0.9948905370642837,0.9644165119530144,"{""0"": 348, ""1"": 294}","{""Female"": 392, ""Male"": 250}","{""0|Female"": 311, ""0|Male"": 37, ""1|Female"": 81, ""1|Male"": 213}",6010,joint_dirichlet_0.3,outputs/major_revision/heterogeneity-10seed-2d2b220/partitions/seed_6010/clients_10/joint_dirichlet_0.3/entropy_by_client.csv,measured
7,3219,0.9932562570356408,0.9929931110257064,"{""0"": 1454, ""1"": 1765}","{""Female"": 1451, ""Male"": 1768}","{""0|Female"": 1451, ""0|Male"": 3, ""1|Male"": 1765}",6010,joint_dirichlet_0.3,outputs/major_revision/heterogeneity-10seed-2d2b220/partitions/seed_6010/clients_10/joint_dirichlet_0.3/entropy_by_client.csv,measured
8,674,0.1022808528118764,0.82395743606506,"{""0"": 665, ""1"": 9}","{""Female"": 174, ""Male"": 500}","{""0|Female"": 169, ""0|Male"": 496, ""1|Female"": 5, ""1|Male"": 4}",6010,joint_dirichlet_0.3,outputs/major_revision/heterogeneity-10seed-2d2b220/partitions/seed_6010/clients_10/joint_dirichlet_0.3/entropy_by_client.csv,measured
9,1419,0.9866142936264496,0.8393024579432603,"{""0"": 613, ""1"": 806}","{""Female"": 381, ""Male"": 1038}","{""0|Female"": 330, ""0|Male"": 283, ""1|Female"": 51, ""1|Male"": 755}",6010,joint_dirichlet_0.3,outputs/major_revision/heterogeneity-10seed-2d2b220/partitions/seed_6010/clients_10/joint_dirichlet_0.3/entropy_by_client.csv,measured
0,3615,0.5642641710492897,0.6458306072119012,"{""0"": 3136, ""1"": 479}","{""Female"": 596, ""Male"": 3019}","{""0|Female"": 497, ""0|Male"": 2639, ""1|Female"": 99, ""1|Male"": 380}",6010,joint_dirichlet_1.0,outputs/major_revision/heterogeneity-10seed-2d2b220/partitions/seed_6010/clients_10/joint_dirichlet_1.0/entropy_by_client.csv,measured
1,1782,0.4244051447248036,0.1959092708736049,"{""0"": 154, ""1"": 1628}","{""Female"": 54, ""Male"": 1728}","{""0|Female"": 29, ""0|Male"": 125, ""1|Female"": 25, ""1|Male"": 1603}",6010,joint_dirichlet_1.0,outputs/major_revision/heterogeneity-10seed-2d2b220/partitions/seed_6010/clients_10/joint_dirichlet_1.0/entropy_by_client.csv,measured
2,2687,0.7688108174277491,0.972496476788705,"{""0"": 2083, ""1"": 604}","{""Female"": 1605, ""Male"": 1082}","{""0|Female"": 1361, ""0|Male"": 722, ""1|Female"": 244, ""1|Male"": 360}",6010,joint_dirichlet_1.0,outputs/major_revision/heterogeneity-10seed-2d2b220/partitions/seed_6010/clients_10/joint_dirichlet_1.0/entropy_by_client.csv,measured
3,4666,0.3928372876250529,0.6949069896720221,"{""0"": 4305, ""1"": 361}","{""Female"": 3794, ""Male"": 872}","{""0|Female"": 3713, ""0|Male"": 592, ""1|Female"": 81, ""1|Male"": 280}",6010,joint_dirichlet_1.0,outputs/major_revision/heterogeneity-10seed-2d2b220/partitions/seed_6010/clients_10/joint_dirichlet_1.0/entropy_by_client.csv,measured
4,2105,0.1892435504345974,0.862851281597184,"{""0"": 2044, ""1"": 61}","{""Female"": 601, ""Male"": 1504}","{""0|Female"": 566, ""0|Male"": 1478, ""1|Female"": 35, ""1|Male"": 26}",6010,joint_dirichlet_1.0,outputs/major_revision/heterogeneity-10seed-2d2b220/partitions/seed_6010/clients_10/joint_dirichlet_1.0/entropy_by_client.csv,measured
5,843,0.5115064587086408,0.7548031367093205,"{""0"": 747, ""1"": 96}","{""Female"": 183, ""Male"": 660}","{""0|Female"": 159, ""0|Male"": 588, ""1|Female"": 24, ""1|Male"": 72}",6010,joint_dirichlet_1.0,outputs/major_revision/heterogeneity-10seed-2d2b220/partitions/seed_6010/clients_10/joint_dirichlet_1.0/entropy_by_client.csv,measured
6,2322,0.9423538135370878,0.9465729464948486,"{""0"": 1487, ""1"": 835}","{""Female"": 847, ""Male"": 1475}","{""0|Female"": 836, ""0|Male"": 651, ""1|Female"": 11, ""1|Male"": 824}",6010,joint_dirichlet_1.0,outputs/major_revision/heterogeneity-10seed-2d2b220/partitions/seed_6010/clients_10/joint_dirichlet_1.0/entropy_by_client.csv,measured
7,4179,0.6087313640966786,0.2772287198305866,"{""0"": 3554, ""1"": 625}","{""Female"": 200, ""Male"": 3979}","{""0|Female"": 17, ""0|Male"": 3537, ""1|Female"": 183, ""1|Male"": 442}",6010,joint_dirichlet_1.0,outputs/major_revision/heterogeneity-10seed-2d2b220/partitions/seed_6010/clients_10/joint_dirichlet_1.0/entropy_by_client.csv,measured
8,1452,0.9785089553771716,0.1048844467146471,"{""0"": 601, ""1"": 851}","{""Female"": 20, ""Male"": 1432}","{""0|Female"": 20, ""0|Male"": 581, ""1|Male"": 851}",6010,joint_dirichlet_1.0,outputs/major_revision/heterogeneity-10seed-2d2b220/partitions/seed_6010/clients_10/joint_dirichlet_1.0/entropy_by_client.csv,measured
9,1986,0.9832549641767208,0.7385272439053882,"{""0"": 1144, ""1"": 842}","{""Female"": 414, ""Male"": 1572}","{""0|Female"": 171, ""0|Male"": 973, ""1|Female"": 243, ""1|Male"": 599}",6010,joint_dirichlet_1.0,outputs/major_revision/heterogeneity-10seed-2d2b220/partitions/seed_6010/clients_10/joint_dirichlet_1.0/entropy_by_client.csv,measured
